idx_in_subset,query_name,AP_modelA,AP_modelB,AP_max,chosen_model
0,0002_c002_00030600_0.jpg,1.0,0.6275229593040849,1.0,A
1,0002_c003_00084280_0.jpg,0.9953461609901018,0.3814259375936535,0.9953461609901018,A
2,0002_c004_00084250_0.jpg,1.0,0.6028682987973415,1.0,A
3,0002_c005_00084980_0.jpg,1.0,0.8054088567850992,1.0,A
4,0002_c006_00083605_0.jpg,1.0,0.6183625500538343,1.0,A
5,0002_c007_00085080_0.jpg,0.9602144236444995,0.20060529704533467,0.9602144236444995,A
6,0002_c008_00084510_0.jpg,1.0,0.4204109798229672,1.0,A
7,0002_c009_00084490_0.jpg,1.0,0.4849367654052698,1.0,A
8,0002_c010_00083770_0.jpg,0.9996505939902166,0.4592388034056655,0.9996505939902166,A
9,0002_c011_00083590_0.jpg,1.0,0.5770174244298371,1.0,A
10,0005_c002_00075750_0.jpg,0.9960599100807612,0.2516296664587231,0.9960599100807612,A
11,0005_c003_00077670_0.jpg,0.987845277770629,0.4072816252909291,0.987845277770629,A
12,0005_c004_00077625_0.jpg,1.0,0.5134747709431463,1.0,A
13,0005_c005_00078360_0.jpg,0.9971626733921816,0.6591943749605828,0.9971626733921816,A
14,0005_c006_00076875_1.jpg,0.9805443681483721,0.7091815163710101,0.9805443681483721,A
15,0005_c007_00078460_0.jpg,0.9165992782263837,0.08548341066470833,0.9165992782263837,A
16,0005_c008_00077885_0.jpg,0.857955775695214,0.21362756201457175,0.857955775695214,A
17,0005_c009_00077860_0.jpg,0.9964038435887175,0.03694901832663059,0.9964038435887175,A
18,0005_c010_00077035_0.jpg,0.9966422466422465,0.4539035672211164,0.9966422466422465,A
19,0005_c011_00076875_1.jpg,0.9932164649076415,0.7268101666507747,0.9932164649076415,A
20,0006_c014_00022355_0.jpg,1.0,0.5953595656557176,1.0,A
21,0006_c015_00022375_0.jpg,1.0,0.4235876977875868,1.0,A
22,0006_c016_00026255_0.jpg,1.0,0.37670664160834694,1.0,A
23,0006_c017_00023390_0.jpg,1.0,0.2991874002047485,1.0,A
24,0006_c019_00023100_0.jpg,1.0,0.4714054212959397,1.0,A
25,0009_c001_00067370_0.jpg,0.8669491590743655,0.15566616542271125,0.8669491590743655,A
26,0009_c012_00068010_0.jpg,0.5350894196575349,0.7904876113145746,0.7904876113145746,B
27,0009_c013_00067835_0.jpg,0.679588429566591,0.7423126818196955,0.7423126818196955,B
28,0009_c014_00070060_0.jpg,0.6167045284790157,0.7587510357386681,0.7587510357386681,B
29,0009_c015_00069860_0.jpg,0.7148967852695027,0.8559169232152266,0.8559169232152266,B
30,0009_c016_00071115_0.jpg,0.8089320567917396,0.769969851504149,0.8089320567917396,A
31,0009_c017_00068800_0.jpg,0.628048892235329,0.8343958702107158,0.8343958702107158,B
32,0009_c019_00069105_0.jpg,0.5351504799840688,0.7549617940515673,0.7549617940515673,B
33,0014_c001_00041060_0.jpg,0.9835606355480978,0.36396300838806805,0.9835606355480978,A
34,0014_c012_00040760_0.jpg,0.9744440628726451,0.477378566516545,0.9744440628726451,A
35,0014_c013_00040840_0.jpg,0.8344788928738481,0.7357563184743918,0.8344788928738481,A
36,0014_c014_00039385_0.jpg,0.7960729566893793,0.47893860905868013,0.7960729566893793,A
37,0014_c015_00039390_0.jpg,0.9974671669793622,0.4187162983623311,0.9974671669793622,A
38,0014_c016_00039135_0.jpg,0.998765243902439,0.37843564355819015,0.998765243902439,A
39,0014_c017_00040300_0.jpg,0.894022067305045,0.4229279503961179,0.894022067305045,A
40,0014_c019_00040055_0.jpg,0.9797474423150786,0.39119762280760323,0.9797474423150786,A
41,0027_c001_00013035_0.jpg,0.8054522055454579,0.21185339248924395,0.8054522055454579,A
42,0027_c013_00012855_0.jpg,0.9475040090168656,0.4240122564193311,0.9475040090168656,A
43,0027_c014_00011405_0.jpg,0.6949048950578077,0.6814369311746602,0.6949048950578077,A
44,0027_c015_00011450_0.jpg,0.9546588731845078,0.5642246433626602,0.9546588731845078,A
45,0027_c016_00011185_0.jpg,0.7990253071646365,0.6880798698788885,0.7990253071646365,A
46,0027_c017_00012205_0.jpg,0.7650058598585394,0.7472281821325464,0.7650058598585394,A
47,0027_c019_00012010_0.jpg,0.9158353851606933,0.49183987658619027,0.9158353851606933,A
48,0030_c005_00051590_1.jpg,0.6925598194322709,0.654627438722158,0.6925598194322709,A
49,0030_c007_00054885_1.jpg,0.19993801838025974,0.5134857217999769,0.5134857217999769,B
50,0030_c008_00049770_0.jpg,0.3020978595589694,0.5164855931825667,0.5164855931825667,B
51,0030_c009_00049855_0.jpg,0.39280599121083754,0.41125042838814657,0.41125042838814657,B
52,0035_c002_00000440_2.jpg,0.770562791455212,0.5465797407376961,0.770562791455212,A
53,0035_c003_00001875_0.jpg,0.7593933915556886,0.5705204703347098,0.7593933915556886,A
54,0035_c004_00001795_0.jpg,0.6638800601279212,0.5804178958003555,0.6638800601279212,A
55,0035_c006_00001150_0.jpg,0.7786828624266957,0.5695961221632228,0.7786828624266957,A
56,0035_c010_00001265_0.jpg,0.7215101284874454,0.5356222414916317,0.7215101284874454,A
57,0035_c011_00001085_0.jpg,0.6053169757710649,0.470038616024085,0.6053169757710649,A
58,0038_c001_00001200_0.jpg,0.7888281650478371,0.536407361580318,0.7888281650478371,A
59,0038_c003_00008510_1.jpg,0.5089424436329241,0.47683070607676475,0.5089424436329241,A
60,0038_c004_00008430_0.jpg,0.700150275314755,0.6489543895844987,0.700150275314755,A
61,0038_c008_00008265_0.jpg,0.5541483007619313,0.5458780597173861,0.5541483007619313,A
62,0038_c009_00008275_0.jpg,0.5267882434473763,0.3491372630457533,0.5267882434473763,A
63,0038_c012_00001765_0.jpg,0.789864638317711,0.6143233451154017,0.789864638317711,A
64,0038_c013_00001640_0.jpg,0.8410958888607999,0.5858806120165697,0.8410958888607999,A
65,0038_c014_00004130_0.jpg,0.7391915158163455,0.6160366747518137,0.7391915158163455,A
66,0038_c015_00004055_0.jpg,0.7067944664424769,0.6294049010353382,0.7067944664424769,A
67,0038_c016_00004350_0.jpg,0.486414448004874,0.6214293550495539,0.6214293550495539,B
68,0038_c017_00003360_0.jpg,0.8302034001195365,0.6615963545879692,0.8302034001195365,A
69,0038_c019_00003575_0.jpg,0.8023012745827708,0.6061489011553184,0.8023012745827708,A
70,0042_c001_00085315_0.jpg,1.0,0.23603296712384014,1.0,A
71,0042_c002_00085830_0.jpg,1.0,0.08719106172059615,1.0,A
72,0042_c003_00087110_0.jpg,1.0,0.3123229289283195,1.0,A
73,0042_c004_00087105_0.jpg,1.0,0.054617398532404854,1.0,A
74,0042_c006_00086245_0.jpg,1.0,0.26915880146512455,1.0,A
75,0042_c010_00086395_0.jpg,1.0,0.1331996567585193,1.0,A
76,0042_c011_00086255_0.jpg,1.0,0.21279820031049934,1.0,A
77,0042_c012_00083340_0.jpg,1.0,0.055773625590636096,1.0,A
78,0042_c013_00083430_0.jpg,1.0,0.11946939122721244,1.0,A
79,0042_c017_00082800_0.jpg,0.999320364135179,0.026405226729077056,0.999320364135179,A
80,0061_c003_00083765_0.jpg,0.13674414990085867,0.021598577903543307,0.13674414990085867,A
81,0061_c004_00083720_0.jpg,1.0,0.038234843222110154,1.0,A
82,0061_c010_00080095_0.jpg,0.883459595959596,0.30504705987153746,0.883459595959596,A
83,0063_c001_00009565_0.jpg,0.9384184654979388,0.009319656118789392,0.9384184654979388,A
84,0063_c002_00010000_0.jpg,0.691916629680758,0.19772384224917394,0.691916629680758,A
85,0063_c012_00009300_0.jpg,0.8743141823244942,0.01237133552158373,0.8743141823244942,A
86,0063_c013_00009375_0.jpg,0.9645833066864493,0.26213784417461433,0.9645833066864493,A
87,0063_c016_00007580_0.jpg,0.9229215747720262,0.00853283862797857,0.9229215747720262,A
88,0063_c017_00008705_2.jpg,0.9143688285407183,0.010588540905077354,0.9143688285407183,A
89,0063_c019_00008480_0.jpg,0.9737496029929782,0.07203755986602864,0.9737496029929782,A
90,0065_c001_00064630_0.jpg,0.9782607288779483,0.6229966640831602,0.9782607288779483,A
91,0065_c002_00063040_0.jpg,0.9116230130370131,0.7444929401403704,0.9116230130370131,A
92,0065_c003_00060250_0.jpg,0.86242149216243,0.572864886079424,0.86242149216243,A
93,0065_c004_00060105_0.jpg,0.9892409883913161,0.8203447004165549,0.9892409883913161,A
94,0065_c006_00061310_0.jpg,0.9892506824015744,0.7037751480799727,0.9892506824015744,A
95,0065_c008_00059930_0.jpg,0.9663260138960946,0.6240341130373065,0.9663260138960946,A
96,0065_c009_00059990_0.jpg,0.9400086435457017,0.69655475681011,0.9400086435457017,A
97,0065_c010_00061240_0.jpg,0.9979043938135471,0.6400952903766955,0.9979043938135471,A
98,0065_c011_00061315_0.jpg,0.9935449752916773,0.7545311792110335,0.9935449752916773,A
99,0065_c012_00065115_0.jpg,0.9852183789844365,0.7384890480379912,0.9852183789844365,A
100,0065_c013_00064960_0.jpg,0.9689874030092905,0.754512411232285,0.9689874030092905,A
101,0065_c014_00067520_0.jpg,0.9892034667814716,0.8312510118291977,0.9892034667814716,A
102,0065_c015_00067315_0.jpg,0.9801368656095856,0.843796155303287,0.9801368656095856,A
103,0065_c016_00068390_0.jpg,0.9872569787441706,0.785552971495059,0.9872569787441706,A
104,0065_c017_00065800_0.jpg,0.9942127409549164,0.7838122367043264,0.9942127409549164,A
105,0065_c019_00066085_0.jpg,0.9430582227960403,0.8126770859869393,0.9430582227960403,A
106,0066_c001_00059990_0.jpg,0.8107197379113199,0.9114881696383801,0.9114881696383801,B
107,0066_c012_00059110_0.jpg,0.6411911773506909,0.8920978469222154,0.8920978469222154,B
108,0066_c013_00059200_0.jpg,0.7966006369370148,0.8225826182238878,0.8225826182238878,B
109,0066_c014_00056825_0.jpg,0.584401738155854,0.7733746964084643,0.7733746964084643,B
110,0066_c015_00057085_0.jpg,0.8934919505248744,0.8421128974835509,0.8934919505248744,A
111,0066_c016_00055450_0.jpg,0.8819342202666282,0.7816493459282424,0.8819342202666282,A
112,0066_c017_00058360_0.jpg,0.6838499938449012,0.8462039722175617,0.8462039722175617,B
113,0066_c019_00058085_0.jpg,0.6919786695539439,0.8660339704907891,0.8660339704907891,B
114,0074_c002_00000395_1.jpg,1.0,0.11116735069035664,1.0,A
115,0074_c003_00001800_0.jpg,0.994709769153563,0.3169880352207849,0.994709769153563,A
116,0074_c004_00001730_0.jpg,1.0,0.01532005448331823,1.0,A
117,0074_c006_00001085_0.jpg,0.9965650457428321,0.10781992741637429,0.9965650457428321,A
118,0074_c010_00001190_0.jpg,1.0,0.19806534753762176,1.0,A
119,0074_c011_00001005_0.jpg,1.0,0.25629964603533933,1.0,A
120,0074_c014_00085690_0.jpg,0.9971842510589143,0.08146418831795087,0.9971842510589143,A
121,0074_c015_00085800_0.jpg,1.0,0.2884877546245287,1.0,A
122,0074_c016_00085490_0.jpg,0.9940099090318388,0.034352765214928985,0.9940099090318388,A
123,0086_c001_00079320_0.jpg,0.610595572652088,0.02710256456699477,0.610595572652088,A
124,0086_c012_00080055_0.jpg,0.9252987958200817,0.38411239617238363,0.9252987958200817,A
125,0086_c013_00079895_0.jpg,0.8823956031329158,0.4061115790504761,0.8823956031329158,A
126,0086_c014_00081915_0.jpg,0.9500986902969586,0.2866307957087385,0.9500986902969586,A
127,0086_c015_00081770_0.jpg,0.9291687021685323,0.25317408853441314,0.9291687021685323,A
128,0086_c016_00082225_0.jpg,0.9628914872465417,0.13483046799694454,0.9628914872465417,A
129,0086_c017_00080725_0.jpg,0.8967382760808256,0.15298383601817656,0.8967382760808256,A
130,0086_c019_00080940_0.jpg,0.8121048740801675,0.3258306080936464,0.8121048740801675,A
131,0089_c005_00058765_0.jpg,0.9761904761904763,0.03539515941152759,0.9761904761904763,A
132,0089_c007_00058930_0.jpg,1.0,0.023267401064020355,1.0,A
133,0090_c003_00078485_1.jpg,0.060564209454158746,0.9514652014652015,0.9514652014652015,B
134,0090_c004_00078395_0.jpg,0.02473090412998545,0.9126984126984127,0.9126984126984127,B
135,0090_c009_00078245_0.jpg,0.5556859925821512,0.9331349206349207,0.9331349206349207,B
136,0096_c005_00030530_0.jpg,0.48582640462554566,0.9990530303030303,0.9990530303030303,B
137,0096_c007_00030630_0.jpg,0.11384499125757486,0.8313132782564747,0.8313132782564747,B
138,0096_c012_00025270_1.jpg,0.3777680819357287,0.9220506205480989,0.9220506205480989,B
139,0096_c013_00025120_0.jpg,0.7924817923339237,0.9012863074924696,0.9012863074924696,B
140,0096_c014_00026795_0.jpg,0.3023080358663381,0.9011659304924908,0.9011659304924908,B
141,0096_c015_00026665_0.jpg,0.5737727557071305,0.9050119981001529,0.9050119981001529,B
142,0096_c016_00027015_0.jpg,0.6663400919674535,0.9299372187679584,0.9299372187679584,B
143,0096_c019_00026150_0.jpg,0.6761472628280987,0.9225849367673014,0.9225849367673014,B
144,0101_c001_00043680_0.jpg,0.7756343440744096,0.9369968725396982,0.9369968725396982,B
145,0101_c012_00044145_0.jpg,0.6170661879147779,0.9898524667176031,0.9898524667176031,B
146,0101_c013_00044035_0.jpg,0.8339883114668732,0.9666135837663496,0.9666135837663496,B
147,0101_c014_00045815_0.jpg,0.6211053818783482,0.9936494968357713,0.9936494968357713,B
148,0101_c015_00045615_0.jpg,0.5715289615084637,0.9977664067576347,0.9977664067576347,B
149,0101_c016_00047300_0.jpg,0.9252174583835723,0.9368697150136889,0.9368697150136889,B
150,0101_c017_00044765_1.jpg,0.5735633916688689,0.9596075443776593,0.9596075443776593,B
151,0102_c001_00008215_0.jpg,0.7853278481849376,0.8519745506198171,0.8519745506198171,B
152,0102_c012_00007880_0.jpg,0.7411220152125877,0.8939197085679459,0.8939197085679459,B
153,0102_c013_00007965_0.jpg,0.6105871296054429,0.8271024604024906,0.8271024604024906,B
154,0102_c014_00005435_0.jpg,0.7882474835845162,0.8653162164456929,0.8653162164456929,B
155,0102_c015_00005535_0.jpg,0.5862457714238174,0.8077615238798054,0.8077615238798054,B
156,0102_c016_00010770_0.jpg,0.6318193969514138,0.9175949205195322,0.9175949205195322,B
157,0102_c017_00006970_1.jpg,0.6867567324345641,0.9162355404602215,0.9162355404602215,B
158,0102_c019_00006590_0.jpg,0.5872573605616483,0.8888680833752629,0.8888680833752629,B
159,0104_c001_00021440_0.jpg,0.8263597115954816,0.9943899018232819,0.9943899018232819,B
160,0104_c002_00019700_1.jpg,0.2268236751573606,0.8142943631105604,0.8142943631105604,B
161,0104_c003_00016995_0.jpg,0.9926520276645576,0.8405297846826564,0.9926520276645576,A
162,0104_c004_00016940_0.jpg,0.7549988440831868,0.9936319999112377,0.9936319999112377,B
163,0104_c006_00017875_1.jpg,0.8586280277751284,0.9090301409418851,0.9090301409418851,B
164,0104_c010_00017790_0.jpg,0.5230466039044598,0.8708158793367713,0.8708158793367713,B
165,0104_c011_00017820_1.jpg,0.8536800217953133,0.9460147977979119,0.9460147977979119,B
166,0104_c013_00021685_0.jpg,0.3410550597042784,0.9169238192376159,0.9169238192376159,B
167,0104_c018_00022470_0.jpg,0.8954794688441854,0.7456274286455539,0.8954794688441854,A
168,0105_c014_00069950_0.jpg,0.18649445943202014,0.09499597445858925,0.18649445943202014,A
169,0105_c015_00069955_0.jpg,0.9360795454545454,0.521237886426449,0.9360795454545454,A
170,0105_c016_00069670_0.jpg,0.9791666666666666,0.5334780400014688,0.9791666666666666,A
171,0106_c014_00015900_0.jpg,0.9290235150166354,0.4040069329182181,0.9290235150166354,A
172,0106_c015_00015940_0.jpg,0.8777884642231419,0.06847033729953395,0.8777884642231419,A
173,0106_c016_00015635_0.jpg,0.8691620421092559,0.13953603605725562,0.8691620421092559,A
174,0106_c017_00018825_0.jpg,0.8672610728567204,0.5358744082103231,0.8672610728567204,A
175,0106_c019_00018530_0.jpg,0.8498263320974123,0.10623417432489435,0.8498263320974123,A
176,0108_c002_00075460_1.jpg,0.4262499716231708,0.8524875977072447,0.8524875977072447,B
177,0108_c003_00077570_0.jpg,0.7803621253512629,0.8142576961342526,0.8142576961342526,B
178,0108_c004_00077550_0.jpg,0.8986135435010234,0.3003440055845056,0.8986135435010234,A
179,0108_c005_00078200_0.jpg,0.9334789215965146,0.7928112887412118,0.9334789215965146,A
180,0108_c006_00076755_1.jpg,0.7112494605096739,0.8700780985125486,0.8700780985125486,B
181,0108_c007_00078265_0.jpg,0.33870240309423416,0.8682357894387808,0.8682357894387808,B
182,0108_c008_00077790_0.jpg,0.8727032160892477,0.8244741559516234,0.8727032160892477,A
183,0108_c009_00077755_0.jpg,0.8974216435148008,0.7906345003367135,0.8974216435148008,A
184,0108_c010_00076940_0.jpg,0.7110816489251566,0.736523264029687,0.736523264029687,B
185,0108_c011_00076760_1.jpg,0.8430182221378758,0.6713667511023896,0.8430182221378758,A
186,0110_c001_00018880_0.jpg,0.6106333468623245,0.8120853806688946,0.8120853806688946,B
187,0110_c002_00019620_0.jpg,0.6801240910635238,0.8457643576915497,0.8457643576915497,B
188,0110_c003_00022520_1.jpg,0.41680870834013806,0.9464174467459988,0.9464174467459988,B
189,0110_c004_00022495_0.jpg,0.6649922951978327,0.7568452777790469,0.7568452777790469,B
190,0110_c006_00021960_0.jpg,0.6133249188057729,0.7856381959483486,0.7856381959483486,B
191,0110_c008_00022735_0.jpg,0.9086132416970814,0.7266005554270164,0.9086132416970814,A
192,0110_c009_00022635_0.jpg,0.847360747428414,0.2260792045567071,0.847360747428414,A
193,0110_c010_00022075_0.jpg,0.4430045630145124,0.8459371744668037,0.8459371744668037,B
194,0110_c011_00021890_0.jpg,0.6472858585535572,0.8195544361816195,0.8195544361816195,B
195,0110_c012_00007700_0.jpg,0.5091295848085065,0.8719255929451084,0.8719255929451084,B
196,0113_c001_00080770_0.jpg,0.6874477965894032,0.9875814422891405,0.9875814422891405,B
197,0113_c002_00079195_1.jpg,0.6219682475887534,0.9887432738459253,0.9887432738459253,B
198,0113_c003_00076335_0.jpg,0.6403338330385796,0.9719909779844741,0.9719909779844741,B
199,0113_c004_00076225_0.jpg,0.6511980584609688,0.9780190410124053,0.9780190410124053,B
200,0113_c006_00076830_0.jpg,0.8312256083160805,0.9828593804697056,0.9828593804697056,B
201,0113_c008_00076115_0.jpg,0.7000533766039008,0.9862755958886669,0.9862755958886669,B
202,0113_c009_00076210_0.jpg,0.7725233403323982,0.9816056308708165,0.9816056308708165,B
203,0113_c010_00076760_1.jpg,0.48722171918971213,0.9774912265561051,0.9774912265561051,B
204,0113_c011_00076850_0.jpg,0.7955437725026697,0.9881459486325761,0.9881459486325761,B
205,0113_c012_00081255_0.jpg,0.5909088881645416,0.9881184282183403,0.9881184282183403,B
206,0113_c013_00081150_0.jpg,0.6512923012488401,0.9794607731817622,0.9794607731817622,B
207,0113_c017_00081820_0.jpg,0.5249078406046321,0.980663457528385,0.980663457528385,B
208,0113_c019_00081925_0.jpg,0.5843296220287004,0.9815890107113721,0.9815890107113721,B
209,0117_c001_00048665_0.jpg,0.9764714138513995,0.18429330290197457,0.9764714138513995,A
210,0117_c012_00049160_0.jpg,0.9994462901439645,0.3121438690988611,0.9994462901439645,A
211,0117_c013_00049010_0.jpg,0.997265084895747,0.25398019569780034,0.997265084895747,A
212,0117_c014_00051035_0.jpg,1.0,0.35875098806451433,1.0,A
213,0117_c015_00050805_0.jpg,0.9994462901439645,0.15851731898743987,0.9994462901439645,A
214,0117_c016_00052565_0.jpg,0.7370850847854339,0.08524467286040267,0.7370850847854339,A
215,0117_c017_00049775_0.jpg,1.0,0.39916301202888843,1.0,A
216,0117_c019_00050015_0.jpg,0.9972296091127629,0.33580783730319363,0.9972296091127629,A
217,0118_c001_00068830_0.jpg,0.8907127362320066,0.7391136920411272,0.8907127362320066,A
218,0118_c002_00086265_0.jpg,0.9999009900990099,0.95098046224293,0.9999009900990099,A
219,0118_c003_00089040_1.jpg,0.747850258010761,0.9757737111947894,0.9757737111947894,B
220,0118_c004_00089005_0.jpg,0.9309318996607392,0.7783373723018245,0.9309318996607392,A
221,0118_c005_00089810_1.jpg,1.0,0.9933835030789012,1.0,A
222,0118_c006_00088190_1.jpg,0.7588023227344028,0.9588977205918028,0.9588977205918028,B
223,0118_c007_00089905_0.jpg,0.9841553658764848,0.8863057812437212,0.9841553658764848,A
224,0118_c008_00089315_1.jpg,0.9970978348385793,0.9305598612233505,0.9970978348385793,A
225,0118_c009_00089270_0.jpg,0.9666995033970054,0.9963282913230073,0.9963282913230073,B
226,0118_c010_00088410_0.jpg,0.916540455511992,0.9818332752886674,0.9818332752886674,B
227,0118_c011_00088230_1.jpg,0.8536647981595696,0.857020292476644,0.857020292476644,B
228,0118_c012_00066905_0.jpg,0.9040781715062629,0.8613918168637388,0.9040781715062629,A
229,0118_c013_00067000_0.jpg,0.9988625336927224,0.9874727780410759,0.9988625336927224,A
230,0118_c014_00065420_0.jpg,0.9013238782004227,0.5538387123829456,0.9013238782004227,A
231,0118_c015_00065420_0.jpg,0.9970169243563365,0.9728191237943616,0.9970169243563365,A
232,0118_c016_00065230_0.jpg,0.9992359424621707,0.9210527114927004,0.9992359424621707,A
233,0118_c017_00066255_0.jpg,0.9392484370123839,0.9183136701193964,0.9392484370123839,A
234,0118_c019_00065995_1.jpg,0.9982575757575757,0.9396149429723792,0.9982575757575757,A
235,0122_c001_00036500_0.jpg,1.0,0.8091522963575125,1.0,A
236,0122_c012_00036985_0.jpg,0.26130874445054825,0.21307888345303302,0.26130874445054825,A
237,0122_c013_00036865_0.jpg,0.8868173792913768,0.7632050935064251,0.8868173792913768,A
238,0122_c015_00038450_0.jpg,0.8945386164773824,0.6387969562149428,0.8945386164773824,A
239,0122_c016_00039735_0.jpg,0.8715581848731372,0.6842730838541814,0.8715581848731372,A
240,0122_c019_00037970_1.jpg,0.8099482862067281,0.6064372738213543,0.8099482862067281,A
241,0126_c001_00005395_0.jpg,0.5727258095680942,0.9634931633032819,0.9634931633032819,B
242,0126_c002_00059155_0.jpg,0.5879221554949676,0.9716989392978373,0.9716989392978373,B
243,0126_c003_00061005_1.jpg,0.5224914903365989,0.9592406600510399,0.9592406600510399,B
244,0126_c004_00060980_0.jpg,0.5731074067608396,0.9589059957180198,0.9589059957180198,B
245,0126_c005_00061745_1.jpg,0.7304296252930096,0.9682333801640414,0.9682333801640414,B
246,0126_c006_00060265_0.jpg,0.5232177190211249,0.9639445598388479,0.9639445598388479,B
247,0126_c007_00061840_0.jpg,0.26176764410286857,0.9052663793059635,0.9052663793059635,B
248,0126_c008_00061250_0.jpg,0.6803238072249204,0.9634258045816829,0.9634258045816829,B
249,0126_c009_00061190_0.jpg,0.6569237727967925,0.9603716955055526,0.9603716955055526,B
250,0126_c010_00060400_0.jpg,0.5099970943124806,0.9744980303274741,0.9744980303274741,B
251,0126_c011_00060250_0.jpg,0.5180045152137555,0.9701912520036606,0.9701912520036606,B
252,0126_c012_00003945_0.jpg,0.6285091302721559,0.9091523372666201,0.9091523372666201,B
253,0126_c013_00004060_0.jpg,0.8338734115880954,0.9569334977999868,0.9569334977999868,B
254,0126_c014_00002490_1.jpg,0.4770585094634855,0.9660553713834927,0.9660553713834927,B
255,0126_c016_00002265_0.jpg,0.7588491412259951,0.9623123244634156,0.9623123244634156,B
256,0126_c017_00003330_1.jpg,0.5832001505188887,0.9724164384483807,0.9724164384483807,B
257,0126_c019_00003130_0.jpg,0.7430473629263525,0.9749285430799038,0.9749285430799038,B
258,0129_c014_00026710_1.jpg,0.8114909308535242,0.3225103117198881,0.8114909308535242,A
259,0129_c015_00026705_1.jpg,0.26385672983983827,0.4101437599582155,0.4101437599582155,B
260,0129_c017_00027580_0.jpg,0.8607700600079625,0.26947831167069236,0.8607700600079625,A
261,0129_c019_00027405_0.jpg,0.4980379066900156,0.41395142553207664,0.4980379066900156,A
262,0130_c003_00058575_1.jpg,1.0,0.5281530412173047,1.0,A
263,0130_c004_00058560_1.jpg,0.9586372043863126,0.13013651743759969,0.9586372043863126,A
264,0130_c005_00059430_0.jpg,1.0,0.6029775319151013,1.0,A
265,0130_c007_00059550_0.jpg,1.0,0.23777593682186982,1.0,A
266,0130_c008_00058880_0.jpg,0.799206891674508,0.6918670199609933,0.799206891674508,A
267,0130_c009_00058810_0.jpg,0.9011897052219195,0.2811382003927164,0.9011897052219195,A
268,0132_c001_00019750_0.jpg,1.0,0.6474231590470502,1.0,A
269,0132_c012_00018355_0.jpg,1.0,0.7312442948548759,1.0,A
270,0132_c013_00018475_0.jpg,1.0,0.9564620766202363,1.0,A
271,0132_c014_00016320_0.jpg,1.0,0.9124805851607919,1.0,A
272,0132_c015_00016420_0.jpg,1.0,0.974260890106893,1.0,A
273,0132_c016_00015950_1.jpg,1.0,0.8819814899070256,1.0,A
274,0132_c017_00017675_0.jpg,1.0,0.6992914187649355,1.0,A
275,0132_c019_00017370_0.jpg,1.0,0.9609233956146752,1.0,A
276,0134_c001_00064795_1.jpg,0.9668500763361,0.9907074350775447,0.9907074350775447,B
277,0134_c002_00063575_0.jpg,0.5504465168129591,0.9617153672924288,0.9617153672924288,B
278,0134_c003_00049335_0.jpg,0.9033182502323518,0.9395518827317929,0.9395518827317929,B
279,0134_c004_00049285_0.jpg,0.5961535785587682,0.9947087719530191,0.9947087719530191,B
280,0134_c005_00051340_0.jpg,0.9016985911907508,0.9194197734440506,0.9194197734440506,B
281,0134_c006_00047550_1.jpg,0.5384877139286838,0.9735683385432966,0.9735683385432966,B
282,0134_c007_00051615_0.jpg,0.9830078541385068,0.48923175822773635,0.9830078541385068,A
283,0134_c008_00049955_0.jpg,0.7613245067036614,0.9942908377957638,0.9942908377957638,B
284,0134_c009_00049775_0.jpg,0.8350427352303467,0.9441213917252577,0.9441213917252577,B
285,0134_c010_00061445_0.jpg,0.5525079117960529,0.9828886099842997,0.9828886099842997,B
286,0134_c011_00061670_0.jpg,0.9217789766007551,0.9850174760841571,0.9850174760841571,B
287,0134_c012_00065940_0.jpg,0.9098491792240979,0.9745630167616414,0.9745630167616414,B
288,0134_c013_00065515_0.jpg,0.5161417604291311,0.9826546813965654,0.9826546813965654,B
289,0134_c014_00070330_0.jpg,0.903929609460433,0.9536298481661065,0.9536298481661065,B
290,0134_c015_00070000_1.jpg,0.5318029530428239,0.9895789321988417,0.9895789321988417,B
291,0134_c016_00071425_0.jpg,0.5328366200854121,0.9875558816711395,0.9875558816711395,B
292,0134_c017_00067610_0.jpg,0.8315225840542414,0.9389300497079033,0.9389300497079033,B
293,0134_c019_00068345_0.jpg,0.4936972418749608,0.9667127302932359,0.9667127302932359,B
294,0135_c001_00061845_0.jpg,0.6852151630946919,0.9947164482307906,0.9947164482307906,B
295,0135_c002_00068195_1.jpg,0.7834116775140622,0.9918809122599406,0.9918809122599406,B
296,0135_c003_00070150_0.jpg,0.6144922350532921,0.9936477166861505,0.9936477166861505,B
297,0135_c004_00070135_0.jpg,0.7628408693107401,0.9966871197074308,0.9966871197074308,B
298,0135_c005_00070830_0.jpg,0.7417980069552126,0.9963585990132671,0.9963585990132671,B
299,0135_c006_00069415_0.jpg,0.6301756099080104,0.9997917317504946,0.9997917317504946,B
300,0135_c007_00070935_0.jpg,0.6898331848761431,0.9884797535500022,0.9884797535500022,B
301,0135_c008_00070415_0.jpg,0.3327874067871188,0.9937058938868797,0.9937058938868797,B
302,0135_c009_00070340_0.jpg,0.5064306824710052,0.9916465936033656,0.9916465936033656,B
303,0135_c010_00069590_1.jpg,0.674229512371081,0.9930810454060294,0.9930810454060294,B
304,0135_c011_00069430_0.jpg,0.599723547048537,0.9987241136677499,0.9987241136677499,B
305,0135_c012_00060335_0.jpg,0.7156396146515488,0.996472492760133,0.996472492760133,B
306,0135_c013_00060430_0.jpg,0.802698769103608,0.986904760348679,0.986904760348679,B
307,0135_c014_00058310_1.jpg,0.6676631800788627,0.9960388434652108,0.9960388434652108,B
308,0135_c015_00058375_0.jpg,0.7085151795821044,0.9903558555016154,0.9903558555016154,B
309,0135_c016_00057900_0.jpg,0.7177830826249793,0.9945890727424991,0.9945890727424991,B
310,0135_c017_00059590_0.jpg,0.6250924273898669,0.9955048272159417,0.9955048272159417,B
311,0135_c019_00059320_0.jpg,0.8056885150346084,0.9762670538518441,0.9762670538518441,B
312,0142_c014_00086485_0.jpg,0.699424280391551,0.9767986736736738,0.9767986736736738,B
313,0142_c015_00086515_0.jpg,0.7866785009486108,1.0,1.0,B
314,0142_c016_00086325_0.jpg,0.6181429570872942,0.9901967246394491,0.9901967246394491,B
315,0142_c017_00088125_0.jpg,0.7736710089071459,0.9851385903198487,0.9851385903198487,B
316,0142_c019_00088350_0.jpg,0.6500980150639292,1.0,1.0,B
317,0143_c001_00072350_0.jpg,0.4958211165819708,1.0,1.0,B
318,0143_c012_00073035_0.jpg,0.5413710902708634,1.0,1.0,B
319,0143_c013_00072830_0.jpg,0.4935499162312819,1.0,1.0,B
320,0143_c014_00074735_0.jpg,0.4621589008315489,1.0,1.0,B
321,0143_c015_00074530_0.jpg,0.5154954139043944,0.9988243959094643,0.9988243959094643,B
322,0143_c016_00076535_0.jpg,0.6149378729134387,1.0,1.0,B
323,0143_c017_00073710_0.jpg,0.3751519132239216,0.9988243959094643,0.9988243959094643,B
324,0143_c019_00073915_0.jpg,0.5207345002733069,0.9994192799070848,0.9994192799070848,B
325,0144_c001_00029300_0.jpg,0.8754589424415854,0.8570885713979354,0.8754589424415854,A
326,0144_c012_00027240_0.jpg,0.7853003560864392,0.9405747752852649,0.9405747752852649,B
327,0144_c013_00027420_0.jpg,0.7759553104799389,0.9221587627083471,0.9221587627083471,B
328,0144_c014_00024350_0.jpg,0.7722499147307132,0.9437498148578547,0.9437498148578547,B
329,0144_c015_00024580_0.jpg,0.822628893480361,0.9089800668024799,0.9089800668024799,B
330,0144_c017_00026280_0.jpg,0.6363740289823487,0.9255778344391189,0.9255778344391189,B
331,0145_c014_00025420_0.jpg,0.44156826538182464,0.8897820813872475,0.8897820813872475,B
332,0145_c015_00025300_0.jpg,0.8038177135260884,1.0,1.0,B
333,0145_c016_00026460_1.jpg,0.6608365258389034,0.8263679018395998,0.8263679018395998,B
334,0150_c001_00048515_0.jpg,0.33170887533382976,1.0,1.0,B
335,0150_c012_00048975_0.jpg,0.5554870107549036,1.0,1.0,B
336,0150_c013_00048845_0.jpg,0.4393758389384331,1.0,1.0,B
337,0150_c014_00050980_0.jpg,0.570113659438513,1.0,1.0,B
338,0150_c015_00050780_0.jpg,0.4793859483258411,1.0,1.0,B
339,0150_c017_00049560_2.jpg,0.4658809740347767,1.0,1.0,B
340,0150_c019_00049885_1.jpg,0.5040219300477164,1.0,1.0,B
341,0151_c001_00004585_0.jpg,0.6298981165209019,0.7095809223573364,0.7095809223573364,B
342,0151_c002_00005015_0.jpg,0.8827461331259283,0.8163754866686863,0.8827461331259283,A
343,0151_c003_00006420_0.jpg,0.8991760118248575,0.7013620483067595,0.8991760118248575,A
344,0151_c004_00006390_0.jpg,0.8109978744912648,0.7466131947351201,0.8109978744912648,A
345,0151_c005_00087425_0.jpg,0.842913630012407,0.7608368749780938,0.842913630012407,A
346,0151_c006_00005730_0.jpg,0.5005572011676207,0.8013568140067621,0.8013568140067621,B
347,0151_c007_00087570_0.jpg,0.9476937232733238,0.32968540937482077,0.9476937232733238,A
348,0151_c008_00006650_0.jpg,0.7771203056036193,0.9436289904492848,0.9436289904492848,B
349,0151_c009_00006530_0.jpg,0.9336780876958959,0.6962338726372526,0.9336780876958959,A
350,0151_c010_00005835_1.jpg,0.8801103601220799,0.795561076093999,0.8801103601220799,A
351,0151_c011_00005670_0.jpg,0.5784938463719144,0.754010480344507,0.754010480344507,B
352,0151_c012_00002630_0.jpg,0.6578826015710323,0.7227978821938889,0.7227978821938889,B
353,0151_c013_00002700_1.jpg,0.9810673195239352,0.867900987393551,0.9810673195239352,A
354,0151_c015_00000890_0.jpg,0.9735638829842423,0.7550446983161315,0.9735638829842423,A
355,0151_c016_00000325_0.jpg,0.9577001752306973,0.36404299751317565,0.9577001752306973,A
356,0151_c017_00002085_0.jpg,0.6604155751163114,0.8218803154177935,0.8218803154177935,B
357,0151_c019_00001850_0.jpg,0.9382848515011534,0.7669456450984241,0.9382848515011534,A
358,0154_c001_00039250_0.jpg,0.7974880712000715,1.0,1.0,B
359,0154_c012_00039640_0.jpg,0.8220486401250295,0.9937915742793793,0.9937915742793793,B
360,0154_c013_00039540_1.jpg,0.7555992958572625,1.0,1.0,B
361,0154_c014_00041025_0.jpg,0.501599383652925,1.0,1.0,B
362,0154_c015_00040885_0.jpg,0.8130518739813223,1.0,1.0,B
363,0154_c016_00042110_0.jpg,0.8260483888892396,1.0,1.0,B
364,0154_c017_00040080_1.jpg,0.6321861249234544,1.0,1.0,B
365,0154_c019_00040335_0.jpg,0.8799799472428153,1.0,1.0,B
366,0162_c003_00033265_0.jpg,0.7462329563249072,1.0,1.0,B
367,0162_c004_00033160_0.jpg,0.53708576259889,1.0,1.0,B
368,0162_c008_00032930_0.jpg,0.6770133183617326,1.0,1.0,B
369,0162_c009_00033030_0.jpg,0.6207338663800737,1.0,1.0,B
370,0166_c001_00038230_0.jpg,0.7049629269046871,0.996429986976955,0.996429986976955,B
371,0166_c013_00037090_0.jpg,0.6838284608144473,0.9770581592320723,0.9770581592320723,B
372,0166_c014_00035220_0.jpg,0.6990650220407651,1.0,1.0,B
373,0166_c016_00034905_1.jpg,0.5290549575587231,0.9926049730236922,0.9926049730236922,B
374,0166_c017_00036360_0.jpg,0.697013724887617,1.0,1.0,B
375,0172_c001_00085765_0.jpg,0.839120230614101,0.9494586789446787,0.9494586789446787,B
376,0172_c002_00079590_0.jpg,0.8136980580408565,0.9507454468111411,0.9507454468111411,B
377,0172_c003_00078210_0.jpg,0.7176438920033386,0.983816224060109,0.983816224060109,B
378,0172_c004_00078125_0.jpg,0.6285204005593101,0.9940165190165189,0.9940165190165189,B
379,0172_c006_00078815_1.jpg,0.766840276931607,0.9837482649820042,0.9837482649820042,B
380,0172_c010_00078820_0.jpg,0.9692103329373585,0.9680821426637802,0.9692103329373585,A
381,0172_c011_00078830_0.jpg,0.7439769140338522,0.9875161325960021,0.9875161325960021,B
382,0172_c012_00086365_0.jpg,0.5999932365517928,0.9840388400842611,0.9840388400842611,B
383,0172_c013_00086260_0.jpg,0.8143807122909633,0.9440727539876664,0.9440727539876664,B
384,0172_c017_00086965_1.jpg,0.5614506164868129,0.9736095314798783,0.9736095314798783,B
385,0172_c019_00087160_0.jpg,0.6974368910988407,0.9902263374485596,0.9902263374485596,B
386,0173_c001_00066750_0.jpg,0.7206206453767382,0.5096776532685843,0.7206206453767382,A
387,0173_c002_00065255_0.jpg,0.7034148171680951,0.5294975828808719,0.7034148171680951,A
388,0173_c012_00067450_0.jpg,0.955556758793248,0.5323906432623469,0.955556758793248,A
389,0173_c013_00067320_0.jpg,0.9542647074409834,0.32642036728867657,0.9542647074409834,A
390,0173_c014_00069295_1.jpg,0.9636571583477276,0.5250024131437676,0.9636571583477276,A
391,0173_c015_00069130_0.jpg,0.9270551594622579,0.47013768736714695,0.9270551594622579,A
392,0173_c016_00069640_0.jpg,0.9609372951910352,0.2694161335769506,0.9609372951910352,A
393,0173_c017_00068180_0.jpg,0.7616878209349877,0.5181252397235474,0.7616878209349877,A
394,0173_c019_00068445_0.jpg,0.9850815924901121,0.1414010492101458,0.9850815924901121,A
395,0174_c001_00040625_0.jpg,0.9487500088720019,0.3922572283380605,0.9487500088720019,A
396,0174_c002_00041080_2.jpg,0.9182745875512563,0.8078727061709192,0.9182745875512563,A
397,0174_c003_00043925_0.jpg,0.9274298453049595,0.5289581394091978,0.9274298453049595,A
398,0174_c004_00043935_0.jpg,0.9299957518678295,0.6394365894268356,0.9299957518678295,A
399,0174_c006_00043315_0.jpg,0.9511873559864178,0.25323518936032263,0.9511873559864178,A
400,0174_c008_00072170_0.jpg,0.9144103840321339,0.570815264424606,0.9144103840321339,A
401,0174_c009_00044130_0.jpg,0.6056900603397114,0.7199244301176613,0.7199244301176613,B
402,0174_c010_00072765_0.jpg,0.965314086587249,0.8446560356933523,0.965314086587249,A
403,0174_c011_00072800_0.jpg,0.7146847288883934,0.8020854003934303,0.8020854003934303,B
404,0174_c012_00040335_0.jpg,0.9019066015979327,0.6063652898342662,0.9019066015979327,A
405,0174_c013_00040370_0.jpg,0.8190216288671689,0.724122211408681,0.8190216288671689,A
406,0174_c017_00076990_1.jpg,0.8399073798928098,0.6258245728112721,0.8399073798928098,A
407,0177_c001_00072055_0.jpg,1.0,0.136421076707286,1.0,A
408,0177_c012_00070025_0.jpg,0.9778329250455163,0.30157508408478534,0.9778329250455163,A
409,0177_c013_00070070_0.jpg,0.9743456522393904,0.5242942258802127,0.9743456522393904,A
410,0177_c014_00068590_0.jpg,1.0,0.2973243111850268,1.0,A
411,0177_c015_00068575_0.jpg,0.9874213329525686,0.31557730595859007,0.9874213329525686,A
412,0177_c016_00068270_0.jpg,0.9592429279475585,0.41601831110491494,0.9592429279475585,A
413,0177_c017_00069490_0.jpg,1.0,0.30471943193123185,1.0,A
414,0179_c001_00028745_0.jpg,0.6778640007504547,0.2550848992714602,0.6778640007504547,A
415,0179_c002_00029105_0.jpg,0.6712082856826521,0.5566281644980852,0.6712082856826521,A
416,0179_c012_00028010_0.jpg,0.6553125520327049,0.47868510195368463,0.6553125520327049,A
417,0179_c013_00028075_0.jpg,0.64640118942657,0.5793487143861381,0.64640118942657,A
418,0179_c014_00026615_0.jpg,0.7482340943580453,0.4652403257727686,0.7482340943580453,A
419,0179_c015_00026620_1.jpg,0.6287153543374308,0.47449019815191695,0.6287153543374308,A
420,0179_c017_00027470_0.jpg,0.6442801867116777,0.5205587421531832,0.6442801867116777,A
421,0179_c019_00027620_0.jpg,0.021662698657733667,0.20862205450834437,0.20862205450834437,B
422,0180_c002_00046530_0.jpg,0.9538900577005307,0.13714543112548067,0.9538900577005307,A
423,0180_c003_00063135_0.jpg,0.9940953875976255,0.25455617243611484,0.9940953875976255,A
424,0180_c004_00044875_0.jpg,0.91645528629431,0.11652752492759999,0.91645528629431,A
425,0180_c006_00045600_0.jpg,0.9915656300645391,0.12104240961849895,0.9915656300645391,A
426,0180_c008_00044735_0.jpg,0.9575601238364604,0.1039709298427981,0.9575601238364604,A
427,0180_c009_00044805_0.jpg,0.9634335890062349,0.1445355567128667,0.9634335890062349,A
428,0180_c010_00045575_0.jpg,0.9903215059137096,0.13397475621165064,0.9903215059137096,A
429,0180_c011_00062375_1.jpg,0.9854235848696514,0.19051601550827185,0.9854235848696514,A
430,0182_c002_00041180_0.jpg,0.934590512570336,0.7264126567654786,0.934590512570336,A
431,0182_c003_00039435_0.jpg,0.8755964098528606,0.4484916252301343,0.8755964098528606,A
432,0182_c004_00039355_0.jpg,0.9910372136302816,0.4404796045313991,0.9910372136302816,A
433,0182_c006_00039900_0.jpg,0.9505551723005864,0.5153143220917132,0.9505551723005864,A
434,0182_c008_00039245_0.jpg,0.8636091174340169,0.4976813365140782,0.8636091174340169,A
435,0182_c009_00039315_0.jpg,0.7116740458881984,0.2460367964806148,0.7116740458881984,A
436,0182_c010_00039885_0.jpg,0.9256380587864006,0.33979204788602013,0.9256380587864006,A
437,0182_c011_00039845_0.jpg,0.97019269865856,0.618056990902995,0.97019269865856,A
438,0183_c001_00026450_1.jpg,0.9931376286694624,0.1742616632556331,0.9931376286694624,A
439,0183_c002_00025640_0.jpg,1.0,0.1341724527841966,1.0,A
440,0183_c012_00027180_0.jpg,1.0,0.20874484743448235,1.0,A
441,0183_c013_00027065_0.jpg,1.0,0.3534616837215541,1.0,A
442,0183_c014_00028825_0.jpg,1.0,0.3136437679338558,1.0,A
443,0183_c015_00028700_0.jpg,1.0,0.27636738039552766,1.0,A
444,0183_c016_00029115_0.jpg,1.0,0.3475338824720813,1.0,A
445,0183_c017_00027825_0.jpg,0.9980207817911925,0.42701231198538586,0.9980207817911925,A
446,0183_c019_00028110_0.jpg,1.0,0.35190812845520186,1.0,A
447,0188_c001_00050155_1.jpg,0.742505002164564,0.5562789432343074,0.742505002164564,A
448,0188_c002_00050790_1.jpg,0.8136450299228172,0.2230558356180908,0.8136450299228172,A
449,0188_c003_00054970_0.jpg,0.9123033675954262,0.17211708166141104,0.9123033675954262,A
450,0188_c004_00055000_0.jpg,0.7775140753840353,0.3882034915204358,0.7775140753840353,A
451,0188_c005_00055735_0.jpg,0.9476179632199836,0.3636057070164634,0.9476179632199836,A
452,0188_c006_00053360_0.jpg,0.8716932838550133,0.3644456995646753,0.8716932838550133,A
453,0188_c007_00055850_0.jpg,0.8499601614974567,0.1375224997538449,0.8499601614974567,A
454,0188_c008_00055320_0.jpg,0.799727003688171,0.5525090792464722,0.799727003688171,A
455,0188_c009_00055250_0.jpg,0.7569066476735742,0.44766220905294185,0.7569066476735742,A
456,0188_c010_00053545_0.jpg,0.9040193691367393,0.3114413685312496,0.9040193691367393,A
457,0188_c011_00053350_0.jpg,0.8357804770587429,0.48319349936787603,0.8357804770587429,A
458,0188_c012_00048585_0.jpg,0.7790484681531347,0.4220461519033579,0.7790484681531347,A
459,0188_c013_00048620_0.jpg,0.8610631380331161,0.24915776916505902,0.8610631380331161,A
460,0188_c014_00047140_0.jpg,0.753861660517743,0.4731183227179743,0.753861660517743,A
461,0188_c015_00047120_0.jpg,0.9219991294581168,0.2053724554312964,0.9219991294581168,A
462,0188_c016_00046980_0.jpg,0.7639710734752359,0.47827133662957605,0.7639710734752359,A
463,0188_c017_00047990_0.jpg,0.7675195613310634,0.6012109100245752,0.7675195613310634,A
464,0188_c019_00047725_0.jpg,0.8134916279598968,0.4099116558515648,0.8134916279598968,A
465,0192_c003_00031745_0.jpg,1.0,0.3054002915677527,1.0,A
466,0192_c004_00031650_0.jpg,0.9965275187920076,0.54345952097496,0.9965275187920076,A
467,0192_c005_00079340_0.jpg,0.9985057471264368,0.1967677981401818,0.9985057471264368,A
468,0192_c006_00032285_0.jpg,0.9998494429388738,0.4875369027388862,0.9998494429388738,A
469,0192_c007_00079460_0.jpg,0.9926824885390627,0.0781534452335738,0.9926824885390627,A
470,0192_c008_00031570_0.jpg,0.9626104594562969,0.23016776677247022,0.9626104594562969,A
471,0192_c009_00031635_0.jpg,0.9770269439802961,0.4754726488853753,0.9770269439802961,A
472,0192_c010_00032220_0.jpg,0.9866200535349915,0.37786784095955,0.9866200535349915,A
473,0192_c011_00032245_0.jpg,0.9802929925091325,0.5443307641567976,0.9802929925091325,A
474,0196_c003_00077975_0.jpg,1.0,0.44709404784930473,1.0,A
475,0196_c004_00077855_0.jpg,1.0,0.04964332321111734,1.0,A
476,0196_c006_00078425_0.jpg,1.0,0.1779124781308944,1.0,A
477,0196_c008_00077735_0.jpg,1.0,0.09793943863246812,1.0,A
478,0196_c009_00077835_0.jpg,1.0,0.2596357513557181,1.0,A
479,0196_c010_00078435_0.jpg,1.0,0.30580079541118427,1.0,A
480,0196_c011_00078440_0.jpg,1.0,0.10829589190397576,1.0,A
481,0197_c001_00026320_0.jpg,0.6575246729789005,0.1506857193064844,0.6575246729789005,A
482,0197_c012_00024895_0.jpg,0.9896183237179368,0.16151364591796713,0.9896183237179368,A
483,0197_c013_00025000_2.jpg,0.9424601260290549,0.2015591806667273,0.9424601260290549,A
484,0197_c014_00035580_0.jpg,0.9226327870755096,0.12091946954474728,0.9226327870755096,A
485,0197_c015_00035425_0.jpg,0.9143402619581715,0.26322023969007574,0.9143402619581715,A
486,0197_c016_00013475_0.jpg,0.9582906802044444,0.1500405306682704,0.9582906802044444,A
487,0197_c017_00024035_1.jpg,0.9907174828610547,0.18577546590410507,0.9907174828610547,A
488,0197_c019_00023660_0.jpg,0.972386868958683,0.2013624119973147,0.972386868958683,A
489,0205_c002_00054545_1.jpg,0.7403132861322642,0.2887074901210871,0.7403132861322642,A
490,0205_c003_00056520_0.jpg,0.6701224194611864,0.24927715167811543,0.6701224194611864,A
491,0205_c004_00056490_0.jpg,0.973436968007542,0.06877557592841878,0.973436968007542,A
492,0205_c005_00057145_0.jpg,0.7550789430477812,0.3704433015646409,0.7550789430477812,A
493,0205_c006_00055760_0.jpg,0.9833638966577972,0.15229913801491177,0.9833638966577972,A
494,0205_c007_00057315_0.jpg,0.9038817106387422,0.1027853564064962,0.9038817106387422,A
495,0205_c008_00056710_0.jpg,0.82189893474847,0.10632120136729487,0.82189893474847,A
496,0205_c009_00056670_0.jpg,0.8425635184014156,0.058952414587714025,0.8425635184014156,A
497,0205_c010_00055905_0.jpg,0.7940455976053439,0.2998725584447448,0.7940455976053439,A
498,0205_c011_00055725_0.jpg,0.9334854037343675,0.1055056822205666,0.9334854037343675,A
499,0207_c001_00029475_0.jpg,0.6306912101613672,0.4882476632294897,0.6306912101613672,A
500,0207_c012_00029135_0.jpg,0.8994073094883731,0.11981730722930946,0.8994073094883731,A
501,0207_c013_00029180_0.jpg,0.9238712736077954,0.36070476706932414,0.9238712736077954,A
502,0207_c014_00010170_0.jpg,0.6902275448797778,0.4074214385870677,0.6902275448797778,A
503,0207_c015_00010090_0.jpg,0.8978199374395973,0.25278806769253326,0.8978199374395973,A
504,0207_c016_00010480_1.jpg,0.811332620903336,0.1274624630950031,0.811332620903336,A
505,0207_c017_00009240_0.jpg,0.6874169867917673,0.4598633462511405,0.6874169867917673,A
506,0207_c019_00009530_0.jpg,0.7173298817602569,0.36612973585247244,0.7173298817602569,A
507,0216_c014_00089375_0.jpg,0.730301438757321,0.8560901516783871,0.8560901516783871,B
508,0216_c015_00089195_0.jpg,0.7692716640085061,0.6615169552669552,0.7692716640085061,A
509,0216_c016_00089725_0.jpg,1.0,0.14901504385784423,1.0,A
510,0218_c003_00043620_0.jpg,0.9428320242361913,0.432312042666276,0.9428320242361913,A
511,0218_c004_00043495_0.jpg,0.9648723871492806,0.47438623899449694,0.9648723871492806,A
512,0218_c005_00067700_0.jpg,0.9575831155240596,0.574658496663003,0.9575831155240596,A
513,0218_c006_00044160_0.jpg,0.9958715549171223,0.5642304451782313,0.9958715549171223,A
514,0218_c007_00067825_0.jpg,0.9580727184281268,0.0820618151709762,0.9580727184281268,A
515,0218_c008_00043350_0.jpg,0.940723094467315,0.42945617772940464,0.940723094467315,A
516,0218_c009_00043410_0.jpg,0.9434246768827819,0.40097015254319057,0.9434246768827819,A
517,0218_c010_00044135_0.jpg,0.944410108570213,0.3827617109833801,0.944410108570213,A
518,0218_c011_00044120_0.jpg,0.9862740477336152,0.5340126250071184,0.9862740477336152,A
519,0219_c001_00026305_1.jpg,0.750200117988845,0.6042453656667979,0.750200117988845,A
520,0219_c012_00026705_0.jpg,0.7532688740532598,0.6461012354769248,0.7532688740532598,A
521,0219_c013_00026615_1.jpg,0.9639227582205789,0.3738645129533881,0.9639227582205789,A
522,0219_c014_00027875_0.jpg,0.7104211746003014,0.6878739507069324,0.7104211746003014,A
523,0219_c015_00027760_0.jpg,0.904031090742561,0.26237496894142276,0.904031090742561,A
524,0219_c016_00028985_0.jpg,0.9705897894354008,0.19040616331874607,0.9705897894354008,A
525,0219_c017_00027085_0.jpg,0.6294230244477422,0.6691546383271871,0.6691546383271871,B
526,0219_c019_00027280_0.jpg,0.9038673981838107,0.16633201896055255,0.9038673981838107,A
527,0231_c001_00038120_0.jpg,1.0,0.1461264238658781,1.0,A
528,0231_c002_00038560_0.jpg,1.0,0.06558191294835945,1.0,A
529,0231_c012_00036295_0.jpg,1.0,0.08771099667024577,1.0,A
530,0231_c014_00035040_0.jpg,1.0,0.6711882744665091,1.0,A
531,0231_c015_00034995_0.jpg,1.0,0.46330983475597687,1.0,A
532,0231_c016_00034845_1.jpg,1.0,0.575361216982351,1.0,A
533,0231_c017_00035840_0.jpg,1.0,0.6361008178526214,1.0,A
534,0231_c019_00035670_0.jpg,1.0,0.4926798618061411,1.0,A
535,0237_c014_00065515_0.jpg,1.0,0.6328900657275831,1.0,A
536,0237_c015_00065485_0.jpg,1.0,0.5977550079506215,1.0,A
537,0237_c016_00065285_0.jpg,1.0,0.5549995767149267,1.0,A
538,0240_c001_00045355_0.jpg,1.0,0.4620573111048881,1.0,A
539,0240_c002_00044140_0.jpg,1.0,0.5834951946996977,1.0,A
540,0240_c012_00046160_0.jpg,1.0,0.31261572462886744,1.0,A
541,0240_c013_00046075_0.jpg,1.0,0.8613319044759641,1.0,A
542,0240_c014_00047435_0.jpg,1.0,0.415056124681542,1.0,A
543,0240_c015_00047245_0.jpg,1.0,0.5120351507331543,1.0,A
544,0240_c016_00047710_0.jpg,1.0,0.4917740011376451,1.0,A
545,0240_c017_00046615_0.jpg,1.0,0.40674334610783763,1.0,A
546,0240_c019_00046800_0.jpg,1.0,0.6108814780968088,1.0,A
547,0241_c001_00033480_0.jpg,1.0,0.30310860974329673,1.0,A
548,0241_c002_00029810_0.jpg,0.8710036887598607,0.18051413848996412,0.8710036887598607,A
549,0241_c012_00034150_0.jpg,0.9987745098039215,0.4257087234665144,0.9987745098039215,A
550,0241_c013_00034020_0.jpg,1.0,0.4520386379904335,1.0,A
551,0241_c014_00035810_0.jpg,1.0,0.4145649723025801,1.0,A
552,0241_c015_00035640_0.jpg,1.0,0.4164677622082051,1.0,A
553,0241_c016_00036400_0.jpg,1.0,0.40264484416586516,1.0,A
554,0241_c017_00034715_0.jpg,1.0,0.49434523169268424,1.0,A
555,0241_c019_00034985_0.jpg,0.9991408021541951,0.4837844174570003,0.9991408021541951,A
556,0247_c001_00086435_0.jpg,1.0,0.17925006039544042,1.0,A
557,0247_c002_00089940_0.jpg,1.0,0.016657508201422092,1.0,A
558,0247_c012_00084215_0.jpg,1.0,0.300734810046485,1.0,A
559,0247_c013_00084275_0.jpg,1.0,0.5633657718637363,1.0,A
560,0247_c014_00082340_0.jpg,1.0,0.5949066269017335,1.0,A
561,0247_c015_00082380_0.jpg,1.0,0.5641185618560485,1.0,A
562,0247_c016_00082105_0.jpg,1.0,0.4790852826252449,1.0,A
563,0247_c017_00083635_0.jpg,1.0,0.6668122737014913,1.0,A
564,0247_c019_00083350_0.jpg,1.0,0.3775755364936669,1.0,A
565,0249_c001_00019250_0.jpg,0.5926789981474266,0.8691688551880874,0.8691688551880874,B
566,0249_c002_00018350_1.jpg,0.42817318936384724,0.9016652941490502,0.9016652941490502,B
567,0249_c012_00019845_1.jpg,0.6271671388087472,0.9021915788521401,0.9021915788521401,B
568,0249_c013_00019735_0.jpg,0.6271536551868813,0.9007106073476877,0.9007106073476877,B
569,0249_c014_00021390_0.jpg,0.5119457079740112,0.8686675804996133,0.8686675804996133,B
570,0249_c015_00021280_0.jpg,0.7462488047847232,0.901507680170784,0.901507680170784,B
571,0249_c016_00021630_0.jpg,0.7113400644870883,0.8520100930236254,0.8520100930236254,B
572,0249_c017_00020505_0.jpg,0.5778588351405921,0.9041288524875439,0.9041288524875439,B
573,0249_c019_00020775_0.jpg,0.4679375921187758,0.873260033832004,0.873260033832004,B
574,0262_c001_00014355_0.jpg,0.9386644683607823,0.4186174434821217,0.9386644683607823,A
575,0262_c012_00019940_0.jpg,0.9487985892968503,0.4620449471765801,0.9487985892968503,A
576,0262_c013_00013515_0.jpg,0.9837049347982906,0.5021274680400377,0.9837049347982906,A
577,0262_c014_00021880_0.jpg,0.9499960146157173,0.5718624572457992,0.9499960146157173,A
578,0262_c015_00021765_0.jpg,0.9328463856959107,0.4276614069243169,0.9328463856959107,A
579,0262_c016_00022125_0.jpg,0.9873903031098806,0.3484317314736081,0.9873903031098806,A
580,0262_c017_00020795_1.jpg,0.9815655435074861,0.5250935874642684,0.9815655435074861,A
581,0262_c019_00021130_0.jpg,0.9240307343210509,0.2258697254839777,0.9240307343210509,A
582,0273_c001_00040670_0.jpg,1.0,0.6885742850237936,1.0,A
583,0273_c002_00039190_1.jpg,0.9926692119858357,0.9389985566565959,0.9926692119858357,A
584,0273_c003_00036590_0.jpg,1.0,0.7612080075778466,1.0,A
585,0273_c004_00036465_0.jpg,0.9773501482422676,0.7341504910657952,0.9773501482422676,A
586,0273_c006_00037765_0.jpg,1.0,0.8225854006117542,1.0,A
587,0273_c008_00036280_0.jpg,1.0,0.7862306613670386,1.0,A
588,0273_c009_00036350_0.jpg,1.0,0.8361565670235402,1.0,A
589,0273_c010_00037625_0.jpg,1.0,0.864541882744513,1.0,A
590,0273_c011_00037785_1.jpg,1.0,0.7549561227670498,1.0,A
591,0273_c012_00041175_0.jpg,0.9998880179171332,0.685491301506352,0.9998880179171332,A
592,0273_c013_00041050_0.jpg,0.9994627122286697,0.6994833804790291,0.9994627122286697,A
593,0273_c014_00000540_1.jpg,0.9886305842452033,0.7393311652233358,0.9886305842452033,A
594,0273_c015_00044265_0.jpg,0.9976194887832391,0.6908141880950075,0.9976194887832391,A
595,0273_c016_00045345_0.jpg,0.9955474945787725,0.8026332866602695,0.9955474945787725,A
596,0273_c017_00042500_0.jpg,0.9998880179171332,0.7088218604093216,0.9998880179171332,A
597,0273_c019_00042810_0.jpg,0.9677317672635045,0.5708281388882167,0.9677317672635045,A
598,0281_c001_00033830_0.jpg,1.0,0.5327674945273808,1.0,A
599,0281_c002_00031880_0.jpg,1.0,0.6080919996041245,1.0,A
600,0281_c003_00030185_0.jpg,1.0,0.57426507538239,1.0,A
601,0281_c004_00030085_0.jpg,1.0,0.5890249003455807,1.0,A
602,0281_c006_00031000_0.jpg,1.0,0.5151128552968576,1.0,A
603,0281_c008_00029935_0.jpg,1.0,0.36400534701978454,1.0,A
604,0281_c009_00030010_0.jpg,1.0,0.5335293710099464,1.0,A
605,0281_c010_00030780_0.jpg,1.0,0.683042918797364,1.0,A
606,0281_c011_00030970_0.jpg,1.0,0.7339713764073458,1.0,A
607,0281_c012_00034420_0.jpg,1.0,0.6663428387398727,1.0,A
608,0281_c013_00034275_0.jpg,1.0,0.5984245154321853,1.0,A
609,0281_c014_00037925_0.jpg,1.0,0.48655816188124473,1.0,A
610,0281_c015_00037740_0.jpg,1.0,0.472758496414416,1.0,A
611,0281_c016_00039645_0.jpg,1.0,0.47094148416308995,1.0,A
612,0281_c017_00036150_0.jpg,1.0,0.5470452597571517,1.0,A
613,0281_c019_00036455_0.jpg,1.0,0.5003536958586218,1.0,A
614,0288_c001_00064095_1.jpg,0.6379387416382449,0.6349384125541876,0.6379387416382449,A
615,0288_c002_00061675_0.jpg,0.9322066778738971,0.14730350040488813,0.9322066778738971,A
616,0288_c003_00028770_0.jpg,0.9637983958050478,0.4978903505619453,0.9637983958050478,A
617,0288_c004_00028640_0.jpg,0.5822980030796772,0.602980296347787,0.602980296347787,B
618,0288_c006_00029355_0.jpg,0.7092401816924631,0.6666823461501904,0.7092401816924631,A
619,0288_c008_00028550_0.jpg,0.653652905394337,0.7722928060201224,0.7722928060201224,B
620,0288_c009_00028575_0.jpg,0.9418442057853198,0.059936322291700386,0.9418442057853198,A
621,0288_c010_00029300_0.jpg,0.9525452860518914,0.5532991280144587,0.9525452860518914,A
622,0288_c011_00029320_0.jpg,0.670124894183782,0.6312131112530281,0.670124894183782,A
623,0288_c012_00064570_0.jpg,0.5432583301651127,0.6133089723859639,0.6133089723859639,B
624,0288_c013_00064430_0.jpg,0.9596999882811804,0.3416271903236777,0.9596999882811804,A
625,0294_c003_00060980_0.jpg,0.9521615368533775,0.006209945730619164,0.9521615368533775,A
626,0294_c004_00060935_0.jpg,0.8144956773594141,0.0187709623584453,0.8144956773594141,A
627,0294_c005_00061680_0.jpg,1.0,0.016663693084178494,1.0,A
628,0294_c007_00061875_0.jpg,0.6646654153915902,0.2761659027041585,0.6646654153915902,A
629,0294_c009_00061205_0.jpg,0.9720544050621709,0.015240486532008827,0.9720544050621709,A
630,0294_c010_00057310_0.jpg,0.6793951102749158,0.2830284625942409,0.6793951102749158,A
631,0295_c001_00038450_0.jpg,0.40066852940523684,0.4834276381057063,0.4834276381057063,B
632,0295_c002_00038855_0.jpg,0.7392979493057593,0.5777458873057434,0.7392979493057593,A
633,0295_c012_00038020_0.jpg,0.447276307217627,0.561126583358808,0.561126583358808,B
634,0295_c013_00038040_0.jpg,0.7596081997137135,0.6333434049131927,0.7596081997137135,A
635,0295_c014_00036620_0.jpg,0.77997316296972,0.4708061312748231,0.77997316296972,A
636,0295_c015_00036585_0.jpg,0.7920540435551028,0.6241838889419893,0.7920540435551028,A
637,0295_c016_00036345_0.jpg,0.6411599435633277,0.6319105695514173,0.6411599435633277,A
638,0295_c017_00037490_0.jpg,0.7879948621344603,0.5543553931672198,0.7879948621344603,A
639,0295_c019_00037285_0.jpg,0.7095266218314747,0.5261205385413068,0.7095266218314747,A
640,0296_c001_00062155_0.jpg,0.557746624810786,0.589743768676499,0.589743768676499,B
641,0296_c002_00062820_0.jpg,0.9792571442587436,0.3245545239959016,0.9792571442587436,A
642,0296_c012_00060375_0.jpg,0.5909688829620724,0.6626766033643686,0.6626766033643686,B
643,0296_c013_00060505_1.jpg,0.9493958146174499,0.3137065200784124,0.9493958146174499,A
644,0296_c014_00058475_0.jpg,0.5185011652021526,0.6256941237053725,0.6256941237053725,B
645,0296_c015_00058505_0.jpg,0.7994635835898415,0.7291313679207804,0.7994635835898415,A
646,0296_c016_00058220_1.jpg,0.9234248125587973,0.4882016993227389,0.9234248125587973,A
647,0296_c017_00059700_0.jpg,0.7894247553144633,0.6439991630919478,0.7894247553144633,A
648,0296_c019_00059405_1.jpg,0.9729242049361092,0.31031631011043487,0.9729242049361092,A
649,0298_c014_00045200_0.jpg,0.42477851788936033,0.9123449400598036,0.9123449400598036,B
650,0298_c015_00045200_0.jpg,0.7378009000761715,0.9398486464783475,0.9398486464783475,B
651,0298_c016_00044940_0.jpg,0.7697834518594013,0.9441349590144189,0.9441349590144189,B
652,0298_c017_00046265_0.jpg,0.48053759799518264,0.9761076871521404,0.9761076871521404,B
653,0298_c018_00046485_0.jpg,0.764522704439648,0.9236762160286847,0.9236762160286847,B
654,0298_c019_00045845_1.jpg,0.7924485000133966,0.9158922749002634,0.9158922749002634,B
655,0299_c002_00076045_0.jpg,0.865912543713209,0.4392045598213936,0.865912543713209,A
656,0299_c003_00077715_0.jpg,0.9634939096615336,0.44839786073705173,0.9634939096615336,A
657,0299_c004_00077700_0.jpg,0.804018267711104,0.36312244193751797,0.804018267711104,A
658,0299_c005_00078445_0.jpg,0.9696160169265672,0.4041886241226733,0.9696160169265672,A
659,0299_c006_00076930_0.jpg,0.6884333866544153,0.2177564740702307,0.6884333866544153,A
660,0299_c008_00077935_0.jpg,0.9100082348996473,0.43788170530994736,0.9100082348996473,A
661,0299_c009_00077890_0.jpg,0.9745231067090598,0.31691108313847316,0.9745231067090598,A
662,0299_c010_00077080_0.jpg,0.9221766455847704,0.4042728384153432,0.9221766455847704,A
663,0299_c011_00076930_0.jpg,0.7132202490168474,0.1963002740519366,0.7132202490168474,A
664,0300_c001_00080740_0.jpg,0.5087052903642116,0.5642109391718305,0.5642109391718305,B
665,0300_c002_00081350_0.jpg,0.7639637160448479,0.6986444403310645,0.7639637160448479,A
666,0300_c012_00078670_0.jpg,0.3636868615824469,0.5390258823553649,0.5390258823553649,B
667,0300_c013_00078770_0.jpg,0.7565919522491732,0.5284079528844202,0.7565919522491732,A
668,0300_c014_00076845_0.jpg,0.8509305097613499,0.3951580200532967,0.8509305097613499,A
669,0300_c015_00076860_0.jpg,0.8614587461812555,0.4970253778217517,0.8614587461812555,A
670,0300_c016_00076610_0.jpg,0.71102188990446,0.6487218471493532,0.71102188990446,A
671,0300_c017_00077985_0.jpg,0.8073672748512827,0.40988341168006387,0.8073672748512827,A
672,0300_c019_00077665_0.jpg,0.6843758556192716,0.6208827134553734,0.6843758556192716,A
673,0306_c003_00016480_0.jpg,0.605294178088912,0.6462470746631043,0.6462470746631043,B
674,0306_c004_00016435_0.jpg,0.8108121329970174,0.035281115377928315,0.8108121329970174,A
675,0306_c005_00081190_0.jpg,0.37347011200571806,0.4846438090471399,0.4846438090471399,B
676,0306_c007_00081280_0.jpg,0.7051061472237073,0.5560437044637835,0.7051061472237073,A
677,0306_c008_00014040_0.jpg,0.7867932769893425,0.7180567291827503,0.7867932769893425,A
678,0306_c009_00080910_0.jpg,0.7458104632157141,0.7046747629261308,0.7458104632157141,A
679,0310_c002_00014075_0.jpg,0.9355788789216906,0.1398568412969375,0.9355788789216906,A
680,0310_c003_00015920_0.jpg,0.945591714259039,0.1942744114489382,0.945591714259039,A
681,0310_c004_00015930_0.jpg,0.9938725490196078,0.053466196072557697,0.9938725490196078,A
682,0310_c005_00016855_1.jpg,1.0,0.3428446436341623,1.0,A
683,0310_c006_00015025_0.jpg,0.9433171751262144,0.09321362645174779,0.9433171751262144,A
684,0310_c007_00017020_0.jpg,0.6545640025609325,0.12081386997278773,0.6545640025609325,A
685,0310_c008_00016235_0.jpg,0.9705076533888404,0.1597000967218294,0.9705076533888404,A
686,0310_c009_00016120_0.jpg,0.6140816839145077,0.10747861812537356,0.6140816839145077,A
687,0310_c010_00015150_0.jpg,0.9376663347206018,0.18622433665672208,0.9376663347206018,A
688,0310_c011_00014960_0.jpg,0.9290451616311194,0.0880832235495132,0.9290451616311194,A
689,0315_c001_00033425_0.jpg,0.7151825155088263,0.7303983941510727,0.7303983941510727,B
690,0315_c002_00027290_0.jpg,0.5778381070640087,0.7874337730679066,0.7874337730679066,B
691,0315_c003_00000615_0.jpg,0.7525998110080353,0.7391739156424338,0.7525998110080353,A
692,0315_c004_00000570_0.jpg,0.5503669147418148,0.8404944762274525,0.8404944762274525,B
693,0315_c006_00000110_0.jpg,0.5921286914928886,0.7825544326931453,0.7825544326931453,B
694,0315_c008_00000840_0.jpg,0.6218498819452355,0.7894248503723457,0.7894248503723457,B
695,0315_c009_00000755_0.jpg,0.5068741149696413,0.8299878921383739,0.8299878921383739,B
696,0315_c010_00000200_0.jpg,0.7639268066981683,0.7440181165238274,0.7639268066981683,A
697,0315_c011_00000055_0.jpg,0.6926366211182745,0.6946283647381385,0.6946283647381385,B
698,0315_c012_00034005_0.jpg,0.7030272863858946,0.7811672919042387,0.7811672919042387,B
699,0315_c013_00033890_0.jpg,0.67031317455698,0.784930992292193,0.784930992292193,B
700,0315_c014_00035440_0.jpg,0.7042429322963422,0.78216607279234,0.78216607279234,B
701,0315_c015_00035180_0.jpg,0.5793110456458286,0.7171279011493478,0.7171279011493478,B
702,0315_c016_00035975_0.jpg,0.7517353293366804,0.7988151675607289,0.7988151675607289,B
703,0315_c017_00034470_0.jpg,0.7091003239088942,0.7894191174057592,0.7894191174057592,B
704,0315_c019_00034675_0.jpg,0.5861070161550582,0.7830135681814836,0.7830135681814836,B
705,0318_c001_00026120_0.jpg,0.7033886792690447,0.7916064969461121,0.7916064969461121,B
706,0318_c002_00004375_0.jpg,0.7758776578025857,0.829831510249437,0.829831510249437,B
707,0318_c003_00006125_0.jpg,0.6586291829364395,0.8398148483855816,0.8398148483855816,B
708,0318_c004_00006030_0.jpg,0.7042311385355772,0.6497342543501081,0.7042311385355772,A
709,0318_c005_00006845_1.jpg,0.6378407816363902,0.8321398172093525,0.8321398172093525,B
710,0318_c006_00005475_0.jpg,0.572839179359227,0.7836050699544067,0.7836050699544067,B
711,0318_c007_00006930_0.jpg,0.4108982525172195,0.7882783882839477,0.7882783882839477,B
712,0318_c008_00006275_0.jpg,0.6648557402350185,0.8161475783355735,0.8161475783355735,B
713,0318_c009_00006170_0.jpg,0.6739305486831151,0.8007896658462919,0.8007896658462919,B
714,0318_c010_00005575_0.jpg,0.796653932544081,0.8202510825818302,0.8202510825818302,B
715,0318_c011_00005410_0.jpg,0.6838768422082397,0.8044008898566316,0.8044008898566316,B
716,0318_c012_00024150_0.jpg,0.7222429402547277,0.754182033483584,0.754182033483584,B
717,0318_c013_00024200_0.jpg,0.7191087713893323,0.8143732446857885,0.8143732446857885,B
718,0318_c014_00022440_0.jpg,0.7024939550319304,0.8116868212253142,0.8116868212253142,B
719,0318_c015_00022445_0.jpg,0.8301676253003989,0.6748697172230569,0.8301676253003989,A
720,0318_c016_00022080_0.jpg,0.5767636951553528,0.826432482560896,0.826432482560896,B
721,0318_c017_00023530_0.jpg,0.8067692439843962,0.6352517458947828,0.8067692439843962,A
722,0318_c019_00023250_0.jpg,0.7450038866675474,0.8240211029591018,0.8240211029591018,B
723,0319_c003_00086405_0.jpg,0.9724420445779612,0.15564321619920216,0.9724420445779612,A
724,0319_c004_00086405_0.jpg,0.9913689976187782,0.03738483620161604,0.9913689976187782,A
725,0319_c005_00087165_0.jpg,0.9979541734860884,0.22971138615783337,0.9979541734860884,A
726,0319_c006_00085680_0.jpg,0.9855109690923604,0.21687452697279172,0.9855109690923604,A
727,0319_c007_00087255_0.jpg,0.4061916675084478,0.03087060296836747,0.4061916675084478,A
728,0319_c008_00086590_0.jpg,0.985304980703274,0.20354097505326874,0.985304980703274,A
729,0319_c009_00086575_0.jpg,0.9991315675206253,0.059202431376784596,0.9991315675206253,A
730,0319_c010_00085845_0.jpg,0.9672964304111925,0.10405355347478394,0.9672964304111925,A
731,0319_c011_00085680_0.jpg,0.9838084359234286,0.18831183198770854,0.9838084359234286,A
732,0322_c001_00040365_0.jpg,0.9994462901439645,0.039942364545414874,0.9994462901439645,A
733,0322_c002_00040895_0.jpg,0.9728144783049443,0.14239167671339537,0.9728144783049443,A
734,0322_c012_00039060_0.jpg,0.9550524626203027,0.29636965066913085,0.9550524626203027,A
735,0322_c013_00039145_0.jpg,1.0,0.30241504718556433,1.0,A
736,0322_c014_00037750_0.jpg,1.0,0.20287450237680493,1.0,A
737,0322_c016_00037515_1.jpg,1.0,0.2428671012082279,1.0,A
738,0322_c017_00038520_0.jpg,0.9989177489177489,0.45889968237890794,0.9989177489177489,A
739,0322_c019_00038315_0.jpg,1.0,0.38313169483371745,1.0,A
740,0326_c002_00085185_0.jpg,0.995425865936702,0.30767228537125724,0.995425865936702,A
741,0326_c003_00087040_0.jpg,1.0,0.194301693594486,1.0,A
742,0326_c004_00087065_0.jpg,0.9572590632345788,0.03418439580252993,0.9572590632345788,A
743,0326_c006_00086175_0.jpg,0.9735177661891247,0.22600388515140646,0.9735177661891247,A
744,0326_c009_00089965_0.jpg,1.0,0.07039984638187528,1.0,A
745,0326_c010_00086345_0.jpg,0.97521582481231,0.19833444373369571,0.97521582481231,A
746,0326_c011_00086195_0.jpg,0.9740823551683478,0.08210252085526222,0.9740823551683478,A
747,0327_c014_00043365_0.jpg,1.0,0.0016203499303024088,1.0,A
748,0327_c016_00044175_0.jpg,0.3163003663003663,0.002686768637607883,0.3163003663003663,A
749,0332_c001_00012620_0.jpg,1.0,0.022761548195894855,1.0,A
750,0332_c012_00013090_0.jpg,1.0,0.31790842701838284,1.0,A
751,0332_c013_00013010_0.jpg,1.0,0.3968606879543818,1.0,A
752,0332_c014_00014950_0.jpg,1.0,0.29834852159105113,1.0,A
753,0332_c015_00014810_0.jpg,1.0,0.2767299080802497,1.0,A
754,0332_c016_00015860_0.jpg,1.0,0.21754208033522696,1.0,A
755,0332_c017_00013675_0.jpg,1.0,0.39893144666815333,1.0,A
756,0332_c019_00013905_0.jpg,1.0,0.178289167176909,1.0,A
757,0337_c001_00073720_1.jpg,0.9483589881755787,0.43537295073868065,0.9483589881755787,A
758,0337_c002_00072490_0.jpg,0.9707289202963817,0.3947147973341925,0.9707289202963817,A
759,0337_c003_00071400_0.jpg,0.9810265037858392,0.3374248414804609,0.9810265037858392,A
760,0337_c004_00071290_0.jpg,0.8691668001339161,0.42465256170666477,0.8691668001339161,A
761,0337_c005_00035060_0.jpg,0.8186161606196253,0.2053743518428224,0.8186161606196253,A
762,0337_c006_00071825_0.jpg,0.8911224150511252,0.4358757322378063,0.8911224150511252,A
763,0337_c007_00035120_0.jpg,0.323552504255055,0.37228681786031875,0.37228681786031875,B
764,0337_c008_00034140_0.jpg,0.9487912746949275,0.22359953392053175,0.9487912746949275,A
765,0337_c009_00034215_0.jpg,0.8586947984143241,0.13388458997774513,0.8586947984143241,A
766,0337_c010_00071815_0.jpg,0.9264321772345557,0.3624600958706094,0.9264321772345557,A
767,0337_c011_00071825_0.jpg,0.9485651135595609,0.4417298925890331,0.9485651135595609,A
768,0337_c012_00074185_1.jpg,0.8420365265387822,0.40559199472158725,0.8420365265387822,A
769,0337_c013_00074085_0.jpg,0.8896209086854643,0.3157380746365884,0.8896209086854643,A
770,0337_c014_00075810_0.jpg,0.8816611355918652,0.44650484328477447,0.8816611355918652,A
771,0337_c015_00075650_0.jpg,0.7723542632643329,0.4319242614649796,0.7723542632643329,A
772,0337_c016_00076820_0.jpg,0.907108594566911,0.35656669936726754,0.907108594566911,A
773,0337_c017_00074835_0.jpg,0.924562938857301,0.27497823654856884,0.924562938857301,A
774,0337_c019_00075050_1.jpg,0.9081713543838488,0.25510795970893435,0.9081713543838488,A
775,0344_c001_00034120_0.jpg,0.04195492729061748,0.009490310272162138,0.04195492729061748,A
776,0344_c012_00034575_0.jpg,0.9656931628185984,0.2998765444483545,0.9656931628185984,A
777,0344_c013_00034465_0.jpg,0.9783406844727599,0.30458428992091263,0.9783406844727599,A
778,0344_c014_00036000_0.jpg,0.9403191008483397,0.11936057472316877,0.9403191008483397,A
779,0344_c015_00035855_0.jpg,0.9620162601626014,0.10173347091264648,0.9620162601626014,A
780,0344_c016_00037135_0.jpg,0.9691031109745816,0.17675293822295846,0.9691031109745816,A
781,0344_c017_00035175_1.jpg,0.9411178489361117,0.3288740021600427,0.9411178489361117,A
782,0344_c019_00035400_0.jpg,0.9793067175935027,0.412630033642447,0.9793067175935027,A
783,0357_c014_00069330_0.jpg,1.0,0.007745607402418032,1.0,A
784,0357_c015_00069380_0.jpg,0.339456976310679,0.011147991349536595,0.339456976310679,A
785,0361_c001_00035850_0.jpg,0.7484370617552958,0.7816407952216045,0.7816407952216045,B
786,0361_c002_00074570_1.jpg,0.819458784160967,0.48968809951446324,0.819458784160967,A
787,0361_c003_00072950_0.jpg,0.9047203393530681,0.56869509040845,0.9047203393530681,A
788,0361_c004_00072820_0.jpg,0.7101864781492833,0.794154754443957,0.794154754443957,B
789,0361_c006_00073545_0.jpg,0.6798139667885356,0.8413222446334695,0.8413222446334695,B
790,0361_c008_00072665_0.jpg,0.8918823678494854,0.3639569193588008,0.8918823678494854,A
791,0361_c009_00072765_0.jpg,0.8639427500597083,0.5658406282306273,0.8639427500597083,A
792,0361_c010_00073525_0.jpg,0.9303132495277705,0.6050803781163322,0.9303132495277705,A
793,0361_c011_00073555_0.jpg,0.539704707645328,0.8699396169053714,0.8699396169053714,B
794,0361_c013_00036340_0.jpg,0.5826418044866408,0.8538108303383811,0.8538108303383811,B
795,0361_c014_00038035_0.jpg,0.48625480768964147,0.8175555293098351,0.8175555293098351,B
796,0361_c015_00037850_0.jpg,0.7392850118671005,0.8969765545494113,0.8969765545494113,B
797,0361_c016_00038750_0.jpg,0.8519470960469823,0.5879341523867202,0.8519470960469823,A
798,0361_c017_00036915_0.jpg,0.6368396090595787,0.8020502091417081,0.8020502091417081,B
799,0361_c019_00037125_0.jpg,0.7014776845982246,0.8913330435633394,0.8913330435633394,B
800,0365_c001_00026500_0.jpg,0.7739165370616098,0.350575387195524,0.7739165370616098,A
801,0365_c002_00025690_0.jpg,0.8583634360441184,0.5827489943189746,0.8583634360441184,A
802,0365_c003_00034590_0.jpg,0.8420699574104443,0.47067862659643245,0.8420699574104443,A
803,0365_c004_00034510_0.jpg,0.8283016898990645,0.18602379952567483,0.8283016898990645,A
804,0365_c006_00033770_0.jpg,0.8833876443582165,0.3319623681859556,0.8833876443582165,A
805,0365_c008_00086170_0.jpg,0.6932075790300062,0.338872774032409,0.6932075790300062,A
806,0365_c009_00086255_0.jpg,0.9055546140553081,0.598021934542571,0.9055546140553081,A
807,0365_c010_00033870_0.jpg,0.83535520161582,0.4906245093440545,0.83535520161582,A
808,0365_c011_00033705_0.jpg,0.9042009967168667,0.510814226298318,0.9042009967168667,A
809,0365_c012_00028980_0.jpg,0.8345647872652581,0.5298435049255504,0.8345647872652581,A
810,0365_c013_00030300_0.jpg,0.8203372496891819,0.3983165543447956,0.8203372496891819,A
811,0368_c001_00062060_0.jpg,0.9904994632352115,0.2538739019712829,0.9904994632352115,A
812,0368_c002_00062710_0.jpg,0.9885531581567455,0.1046857989836282,0.9885531581567455,A
813,0368_c003_00065490_0.jpg,0.988180364043204,0.1883929115794616,0.988180364043204,A
814,0368_c004_00065470_0.jpg,0.9991666666666666,0.27427457510823733,0.9991666666666666,A
815,0368_c005_00066345_1.jpg,0.9923648095481796,0.05518399265456566,0.9923648095481796,A
816,0368_c006_00064855_0.jpg,0.9946413308913308,0.32066752973199586,0.9946413308913308,A
817,0368_c007_00066470_0.jpg,0.995144618302513,0.04312345998238861,0.995144618302513,A
818,0368_c008_00065730_0.jpg,0.9850754514653621,0.07311247902481488,0.9850754514653621,A
819,0368_c009_00065690_0.jpg,0.9994666034455508,0.045704642369557624,0.9994666034455508,A
820,0368_c010_00064960_0.jpg,0.9922857098528309,0.12297949698880278,0.9922857098528309,A
821,0368_c011_00064830_0.jpg,0.9914928307123034,0.39689571575444915,0.9914928307123034,A
822,0368_c012_00060970_0.jpg,0.9939949171995409,0.3068935668274029,0.9939949171995409,A
823,0368_c013_00061040_0.jpg,0.9856464638200901,0.05401492601274635,0.9856464638200901,A
824,0368_c018_00060270_0.jpg,1.0,0.17551858308394955,1.0,A
825,0369_c001_00001110_0.jpg,0.8912237670712184,0.12866321136566414,0.8912237670712184,A
826,0369_c012_00034500_0.jpg,0.6255426364176576,0.714486814275997,0.714486814275997,B
827,0369_c013_00000985_0.jpg,0.6511425543153786,0.7119768220393602,0.7119768220393602,B
828,0369_c014_00035910_0.jpg,0.6610463632648333,0.7129855105359457,0.7129855105359457,B
829,0369_c015_00035755_0.jpg,0.7997204300952371,0.7666785755389185,0.7997204300952371,A
830,0369_c016_00037090_0.jpg,0.6990797183102988,0.7917291348976876,0.7917291348976876,B
831,0369_c017_00000430_0.jpg,0.9019290298271082,0.6104515869072225,0.9019290298271082,A
832,0369_c019_00000190_0.jpg,0.6536349397131722,0.6590407257660411,0.6590407257660411,B
833,0371_c014_00063115_0.jpg,0.7503862521957343,0.5609022992869116,0.7503862521957343,A
834,0371_c015_00063095_0.jpg,0.790304644353416,0.6107771652583581,0.790304644353416,A
835,0371_c016_00062875_0.jpg,0.8469599835653921,0.42628013389149416,0.8469599835653921,A
836,0371_c017_00063965_0.jpg,0.8416700614294533,0.5054416772485542,0.8416700614294533,A
837,0371_c019_00063695_0.jpg,0.8462183478606495,0.4487496203903971,0.8462183478606495,A
838,0373_c003_00075995_0.jpg,0.36676960189675695,0.469482673831977,0.469482673831977,B
839,0373_c004_00075885_0.jpg,0.32137538761394,0.6740250552477387,0.6740250552477387,B
840,0373_c006_00076550_1.jpg,0.25115090846242455,0.2749690679432536,0.2749690679432536,B
841,0373_c010_00076565_0.jpg,0.2693398392208235,0.3539929443611425,0.3539929443611425,B
842,0373_c011_00076565_0.jpg,0.26179568380169527,0.25702929559569737,0.26179568380169527,A
843,0380_c001_00064470_0.jpg,0.9708561819025247,0.19814499480483655,0.9708561819025247,A
844,0380_c002_00062750_0.jpg,0.8842967519791954,0.2477327633493326,0.8842967519791954,A
845,0380_c003_00060890_0.jpg,0.9828454421064834,0.15049991689184233,0.9828454421064834,A
846,0380_c004_00060750_0.jpg,0.9872542830682522,0.30529156553750003,0.9872542830682522,A
847,0380_c006_00061585_1.jpg,0.8297055732952732,0.2671258490573662,0.8297055732952732,A
848,0380_c008_00060635_0.jpg,0.9556831014982801,0.25315422166327833,0.9556831014982801,A
849,0380_c009_00060705_0.jpg,0.9937204536386609,0.16024391662509835,0.9937204536386609,A
850,0380_c010_00061585_0.jpg,0.9429679618077371,0.3860280674767764,0.9429679618077371,A
851,0380_c011_00061570_0.jpg,0.8966375285669194,0.27751170795145363,0.8966375285669194,A
852,0380_c012_00065145_0.jpg,0.9052482562343573,0.3590359750379211,0.9052482562343573,A
853,0380_c013_00064910_0.jpg,0.9970365459898953,0.2746317017564981,0.9970365459898953,A
854,0380_c014_00067690_0.jpg,0.9710940817776937,0.36928021398131766,0.9710940817776937,A
855,0380_c015_00067505_0.jpg,0.7847692691053433,0.19377778572357277,0.7847692691053433,A
856,0380_c016_00068530_0.jpg,0.8926461420419052,0.10214660808505154,0.8926461420419052,A
857,0380_c017_00066340_0.jpg,0.973043503104241,0.34941535549385905,0.973043503104241,A
858,0380_c019_00066610_0.jpg,0.9915688414539456,0.2723020934229491,0.9915688414539456,A
859,0385_c014_00037580_0.jpg,1.0,0.6222673950852127,1.0,A
860,0385_c015_00037575_0.jpg,1.0,0.6172430933945562,1.0,A
861,0385_c016_00048285_0.jpg,1.0,0.3723152687716566,1.0,A
862,0385_c017_00038400_0.jpg,0.9994712491738269,0.35605772806094804,0.9994712491738269,A
863,0385_c019_00038185_0.jpg,0.9895908223249618,0.6171268674423346,0.9895908223249618,A
864,0388_c003_00070995_0.jpg,0.23178476467199752,0.6943693092926178,0.6943693092926178,B
865,0388_c005_00071590_0.jpg,0.7335079439519631,0.8860710093126897,0.8860710093126897,B
866,0388_c007_00071705_0.jpg,0.2085177224153018,0.734835985818442,0.734835985818442,B
867,0388_c008_00071180_0.jpg,0.7796159393125801,0.8993657079598798,0.8993657079598798,B
868,0388_c009_00071140_0.jpg,0.7922952919008837,0.7885724292854488,0.7922952919008837,A
869,0391_c001_00033370_0.jpg,0.5898766249947625,0.30367300745889053,0.5898766249947625,A
870,0391_c002_00030285_0.jpg,0.8935409463478619,0.0666237686372311,0.8935409463478619,A
871,0391_c012_00033975_0.jpg,0.8890991647428088,0.14022698987478815,0.8890991647428088,A
872,0391_c013_00033840_0.jpg,0.8495876068748326,0.2739763555581466,0.8495876068748326,A
873,0391_c014_00035670_0.jpg,0.9085653524097218,0.2567883530860145,0.9085653524097218,A
874,0391_c015_00035500_0.jpg,0.8879850858485369,0.2564353786295528,0.8879850858485369,A
875,0391_c016_00036770_0.jpg,0.558411928184991,0.2724118555106369,0.558411928184991,A
876,0391_c017_00034665_0.jpg,0.8550801836062727,0.12593434977381338,0.8550801836062727,A
877,0392_c001_00003315_0.jpg,0.9002813338549591,0.22238386159388984,0.9002813338549591,A
878,0392_c012_00002900_0.jpg,0.9820133344066508,0.21523721998326623,0.9820133344066508,A
879,0392_c013_00027650_0.jpg,0.7172219376206115,0.2927354251410135,0.7172219376206115,A
880,0392_c014_00000655_1.jpg,0.8428669030322699,0.13907020602621295,0.8428669030322699,A
881,0392_c015_00000840_0.jpg,0.9625386286668811,0.1448368781848941,0.9625386286668811,A
882,0392_c016_00029765_0.jpg,0.7480783439035781,0.2290416891133542,0.7480783439035781,A
883,0392_c017_00002240_0.jpg,0.9060237687966768,0.2392199019412121,0.9060237687966768,A
884,0398_c001_00043260_0.jpg,0.9756011227727655,0.14932968948559713,0.9756011227727655,A
885,0398_c002_00042155_0.jpg,0.9816946810960165,0.07199277003208913,0.9816946810960165,A
886,0398_c012_00043855_0.jpg,0.9811728395061727,0.16552165537842903,0.9811728395061727,A
887,0398_c013_00043740_0.jpg,0.9796296296296296,0.12309084572700399,0.9796296296296296,A
888,0398_c014_00045705_0.jpg,0.9790094173923602,0.16504777143492197,0.9790094173923602,A
889,0398_c015_00045525_0.jpg,0.979524886877828,0.16374206768959954,0.979524886877828,A
890,0398_c016_00046245_0.jpg,0.9851165176308124,0.16114027115223709,0.9851165176308124,A
891,0398_c017_00044615_0.jpg,0.9799409804743247,0.21150658308421383,0.9799409804743247,A
892,0398_c019_00044935_0.jpg,0.9774937655860348,0.1235066538830022,0.9774937655860348,A
893,0402_c001_00017020_0.jpg,0.96501007920205,0.24969507804084076,0.96501007920205,A
894,0402_c002_00016070_0.jpg,0.8627129797916931,0.26337307659984216,0.8627129797916931,A
895,0402_c003_00056010_0.jpg,0.6857021229727095,0.3274378132719781,0.6857021229727095,A
896,0402_c004_00055990_0.jpg,0.96983811047166,0.3465209688938142,0.96983811047166,A
897,0402_c006_00055365_0.jpg,0.9302899904371311,0.34446705719130694,0.9302899904371311,A
898,0402_c010_00055505_0.jpg,0.7163886771094675,0.3194408398274879,0.7163886771094675,A
899,0402_c011_00055360_0.jpg,0.8913878806509926,0.35397300632279305,0.8913878806509926,A
900,0402_c012_00017695_0.jpg,0.9859375975796413,0.3029162405681591,0.9859375975796413,A
901,0402_c013_00017525_0.jpg,0.8996649131804699,0.2585019159708195,0.8996649131804699,A
902,0402_c014_00048185_0.jpg,0.9910973447523348,0.27000438728990606,0.9910973447523348,A
903,0402_c015_00019425_0.jpg,0.8521977266961922,0.30245050050689976,0.8521977266961922,A
904,0402_c016_00019805_0.jpg,0.8588110869602307,0.2491098294020248,0.8588110869602307,A
905,0402_c017_00018490_0.jpg,0.9271387742547913,0.38062802252404127,0.9271387742547913,A
906,0402_c019_00018820_0.jpg,0.9578303016562254,0.28849968353217875,0.9578303016562254,A
907,0404_c001_00017345_0.jpg,0.7183544112595893,0.333300667253709,0.7183544112595893,A
908,0404_c012_00015775_0.jpg,0.7136032479553478,0.36046537626435265,0.7136032479553478,A
909,0404_c013_00015910_0.jpg,0.5491657387774613,0.48244290306808907,0.5491657387774613,A
910,0404_c014_00013675_0.jpg,0.6444151203508357,0.340605542499418,0.6444151203508357,A
911,0404_c015_00043655_0.jpg,0.2527398735675862,0.4186460017231113,0.4186460017231113,B
912,0404_c016_00013245_0.jpg,0.7439542923899638,0.4463383258143117,0.7439542923899638,A
913,0404_c017_00015180_0.jpg,0.6907498491483286,0.36024648020669414,0.6907498491483286,A
914,0404_c019_00014900_0.jpg,0.5398966779422841,0.47346774214134935,0.5398966779422841,A
915,0405_c001_00007305_0.jpg,0.723017079371708,0.41157621165601366,0.723017079371708,A
916,0405_c002_00006795_0.jpg,0.8274882575150138,0.28332471391120706,0.8274882575150138,A
917,0405_c003_00046195_0.jpg,0.7296519838840357,0.5135759407255825,0.7296519838840357,A
918,0405_c004_00046160_0.jpg,0.8116937359893166,0.28187690504401514,0.8116937359893166,A
919,0405_c006_00045615_0.jpg,0.7948361341047034,0.4508982196341965,0.7948361341047034,A
920,0405_c010_00045750_1.jpg,0.7745640540212382,0.4587603765431398,0.7745640540212382,A
921,0405_c011_00045595_0.jpg,0.7973035333735734,0.4560307954201326,0.7973035333735734,A
922,0405_c012_00007995_0.jpg,0.8454330348287487,0.36986984376860255,0.8454330348287487,A
923,0405_c013_00007850_0.jpg,0.8246335992030609,0.38336281683536355,0.8246335992030609,A
924,0405_c014_00009965_0.jpg,0.7655300796638124,0.39781852890409547,0.7655300796638124,A
925,0405_c015_00009840_0.jpg,0.8082669473676082,0.4073982238387254,0.8082669473676082,A
926,0405_c016_00010335_0.jpg,0.782720221813492,0.3887255919627674,0.782720221813492,A
927,0405_c017_00008860_0.jpg,0.8053243780682607,0.3405099827887484,0.8053243780682607,A
928,0405_c019_00064340_0.jpg,0.7991098785925672,0.3447943792691482,0.7991098785925672,A
929,0416_c001_00019975_0.jpg,0.9871001184968874,0.014047712871712751,0.9871001184968874,A
930,0416_c012_00020440_0.jpg,0.9762756899973123,0.4539069659344031,0.9762756899973123,A
931,0416_c013_00020300_0.jpg,0.8614417888813807,0.45059528424295714,0.8614417888813807,A
932,0416_c014_00022380_0.jpg,0.9548248836375174,0.3628197475679149,0.9548248836375174,A
933,0416_c015_00022250_0.jpg,0.7948545470080194,0.3501212123540478,0.7948545470080194,A
934,0416_c016_00023795_0.jpg,0.9713244430661376,0.389273140834147,0.9713244430661376,A
935,0416_c017_00021215_0.jpg,0.8957281932337613,0.4635033248077763,0.8957281932337613,A
936,0416_c019_00021555_0.jpg,0.9172491254056538,0.45166436079304606,0.9172491254056538,A
937,0417_c003_00088715_0.jpg,0.9279040404040405,0.36306432235128994,0.9279040404040405,A
938,0417_c004_00088660_0.jpg,0.4860363965862687,0.005841129639938613,0.4860363965862687,A
939,0417_c010_00088045_0.jpg,0.9935897435897436,0.31116455819939376,0.9935897435897436,A
940,0418_c012_00006110_0.jpg,0.32047619047619047,0.6453968253968253,0.6453968253968253,B
941,0418_c013_00006005_0.jpg,0.33680697957013744,0.4938853417114286,0.4938853417114286,B
942,0420_c003_00063645_0.jpg,1.0,0.3905475516420925,1.0,A
943,0420_c004_00063505_1.jpg,0.9186041812290475,0.14305092729407506,0.9186041812290475,A
944,0420_c006_00064075_1.jpg,0.9694971180611913,0.2939673991968134,0.9694971180611913,A
945,0420_c008_00063425_0.jpg,0.9943290402285315,0.49593231944879407,0.9943290402285315,A
946,0420_c009_00063480_0.jpg,1.0,0.5520758112980251,1.0,A
947,0420_c010_00064065_0.jpg,1.0,0.16879608352301367,1.0,A
948,0420_c011_00064055_0.jpg,0.9707305491440118,0.3057122449009383,0.9707305491440118,A
949,0421_c001_00064115_0.jpg,0.9914331716790756,0.24779069951569888,0.9914331716790756,A
950,0421_c002_00064765_0.jpg,1.0,0.4465781689615369,1.0,A
951,0421_c012_00062860_0.jpg,1.0,0.39354416303894085,1.0,A
952,0421_c013_00062920_0.jpg,0.9926292058819157,0.5500464943379211,0.9926292058819157,A
953,0421_c014_00060810_0.jpg,0.9928079112975727,0.3762935370630741,0.9928079112975727,A
954,0421_c015_00060860_0.jpg,1.0,0.4060988773689574,1.0,A
955,0421_c016_00060530_0.jpg,0.997836879432624,0.3256456341050124,0.997836879432624,A
956,0421_c017_00062205_0.jpg,1.0,0.29011981357343053,1.0,A
957,0421_c019_00061820_0.jpg,1.0,0.5017558250989973,1.0,A
958,0427_c003_00006615_1.jpg,0.9796740626074992,0.006840745452048219,0.9796740626074992,A
959,0427_c005_00007295_0.jpg,0.9895953479430989,0.034551181746916335,0.9895953479430989,A
960,0427_c007_00007385_0.jpg,1.0,0.017351688633567397,1.0,A
961,0427_c008_00006890_0.jpg,0.9901133786848073,0.09556868704637142,0.9901133786848073,A
962,0427_c009_00006790_0.jpg,1.0,0.08413851210621164,1.0,A
963,0446_c001_00066450_0.jpg,1.0,0.3666528007126368,1.0,A
964,0446_c002_00066995_0.jpg,1.0,0.4390067871291774,1.0,A
965,0446_c003_00070100_0.jpg,1.0,0.42918484826143544,1.0,A
966,0446_c004_00070105_0.jpg,1.0,0.3210793936142536,1.0,A
967,0446_c006_00069300_0.jpg,0.9999430394167236,0.16126832195388835,0.9999430394167236,A
968,0446_c010_00069440_0.jpg,1.0,0.40264183162497263,1.0,A
969,0446_c011_00069290_0.jpg,1.0,0.37803104398560183,1.0,A
970,0446_c012_00064260_0.jpg,1.0,0.7123955518213108,1.0,A
971,0446_c013_00065950_0.jpg,1.0,0.31644080810276654,1.0,A
972,0446_c014_00006235_0.jpg,1.0,0.4220631614637348,1.0,A
973,0446_c015_00033070_0.jpg,1.0,0.30223302294415666,1.0,A
974,0446_c016_00041835_0.jpg,1.0,0.4456354080775869,1.0,A
975,0446_c017_00007230_0.jpg,1.0,0.47766525271370563,1.0,A
976,0446_c018_00043225_0.jpg,1.0,0.4012726668046274,1.0,A
977,0446_c019_00006935_0.jpg,1.0,0.5477547696454491,1.0,A
978,0450_c003_00049530_0.jpg,1.0,0.04034808148492904,1.0,A
979,0450_c008_00049790_0.jpg,1.0,0.05377617143330118,1.0,A
980,0450_c009_00049760_0.jpg,1.0,0.05322262984544002,1.0,A
981,0456_c014_00009165_0.jpg,1.0,0.026051500147476963,1.0,A
982,0456_c015_00008975_0.jpg,1.0,0.4990907788100807,1.0,A
983,0456_c015_00008980_0.jpg,1.0,0.23857024770546947,1.0,A
984,0456_c016_00010490_0.jpg,1.0,0.29499610374996715,1.0,A
985,0456_c019_00000160_0.jpg,1.0,0.22848337287583198,1.0,A
986,0461_c001_00015010_0.jpg,0.8972601812176371,0.005104487175351262,0.8972601812176371,A
987,0461_c012_00015555_0.jpg,1.0,0.2067892940600213,1.0,A
988,0461_c013_00015435_0.jpg,0.9814930920978974,0.1878547009723957,0.9814930920978974,A
989,0461_c014_00017305_0.jpg,0.9981904607573056,0.0262739712978436,0.9981904607573056,A
990,0461_c015_00017165_0.jpg,0.9982683982683983,0.25896329264598755,0.9982683982683983,A
991,0461_c016_00018425_0.jpg,0.9981904607573056,0.1228957596637686,0.9981904607573056,A
992,0461_c017_00016310_0.jpg,1.0,0.2784417769518766,1.0,A
993,0467_c003_00057085_0.jpg,0.5415961529642046,0.24102099131199858,0.5415961529642046,A
994,0467_c005_00057805_0.jpg,0.5363879408959417,0.2624561372026641,0.5363879408959417,A
995,0467_c007_00057885_0.jpg,0.2225164444294153,0.3368267841863139,0.3368267841863139,B
996,0467_c008_00057345_0.jpg,0.5673693621789838,0.21575132142256437,0.5673693621789838,A
997,0467_c009_00057295_0.jpg,0.5913038767533505,0.2816823367060505,0.5913038767533505,A
998,0467_c014_00014430_0.jpg,0.6064006144680469,0.40941559515482473,0.6064006144680469,A
999,0467_c015_00014570_0.jpg,0.5509706154922621,0.45384594093533653,0.5509706154922621,A
1000,0467_c016_00011505_0.jpg,0.7488336418374875,0.4570814054839729,0.7488336418374875,A
1001,0467_c017_00015665_0.jpg,0.5585443409020271,0.4427959897138745,0.5585443409020271,A
1002,0467_c019_00015285_0.jpg,0.6458476615554303,0.458550195526587,0.6458476615554303,A
1003,0473_c001_00005555_0.jpg,0.1870517019096745,0.32792906877671574,0.32792906877671574,B
1004,0473_c003_00030835_1.jpg,0.5050839790566529,0.3450735817969873,0.5050839790566529,A
1005,0473_c004_00030820_0.jpg,0.4809043571156875,0.32607355604433935,0.4809043571156875,A
1006,0473_c006_00030395_0.jpg,0.41360357803401204,0.50257812292773,0.50257812292773,B
1007,0473_c008_00031000_0.jpg,0.6242690176725856,0.25284643218333813,0.6242690176725856,A
1008,0473_c009_00030970_0.jpg,0.5341784466262062,0.3082939786429149,0.5341784466262062,A
1009,0473_c010_00030540_0.jpg,0.6519591824450719,0.547857079788146,0.6519591824450719,A
1010,0473_c011_00030345_0.jpg,0.421554329779156,0.42103726836398997,0.421554329779156,A
1011,0473_c012_00005170_0.jpg,0.7045016957970078,0.1704605093723315,0.7045016957970078,A
1012,0473_c013_00005205_0.jpg,0.8450238279172881,0.051077999056830595,0.8450238279172881,A
1013,0473_c017_00004770_0.jpg,0.729858895622793,0.5318737014420662,0.729858895622793,A
1014,0473_c019_00004560_0.jpg,0.27065633113642884,0.47229521668362734,0.47229521668362734,B
1015,0476_c001_00014135_0.jpg,0.9038502819781892,0.02185796542356994,0.9038502819781892,A
1016,0476_c002_00014855_0.jpg,0.9991408021541951,0.017069225658477793,0.9991408021541951,A
1017,0476_c006_00017355_1.jpg,0.9837178680955032,0.04510722784453618,0.9837178680955032,A
1018,0476_c012_00012070_0.jpg,0.9426665714571216,0.04991515132789057,0.9426665714571216,A
1019,0476_c013_00012130_0.jpg,0.9969098750611356,0.45206352810283024,0.9969098750611356,A
1020,0476_c014_00010440_0.jpg,0.9926196042326705,0.08956701130350589,0.9926196042326705,A
1021,0476_c015_00010460_1.jpg,0.9991666666666666,0.3032974197062394,0.9991666666666666,A
1022,0476_c016_00010230_0.jpg,0.9978730641192648,0.15989530388929044,0.9978730641192648,A
1023,0476_c017_00011405_0.jpg,0.9955090809908868,0.12981076980113124,0.9955090809908868,A
1024,0476_c019_00011135_0.jpg,1.0,0.3606115524740727,1.0,A
1025,0477_c001_00019410_1.jpg,0.9249229542700618,0.12957225701254266,0.9249229542700618,A
1026,0477_c002_00019730_1.jpg,0.9104366641858945,0.024472595673296606,0.9104366641858945,A
1027,0477_c003_00060110_0.jpg,0.9159165727118415,0.10777698172726072,0.9159165727118415,A
1028,0477_c004_00060040_0.jpg,0.9071014843059322,0.08720384860894981,0.9071014843059322,A
1029,0477_c005_00060760_1.jpg,0.31474457583158455,0.12134277116709857,0.31474457583158455,A
1030,0477_c006_00059215_1.jpg,0.8716994457314788,0.04880889224502132,0.8716994457314788,A
1031,0477_c007_00060835_0.jpg,0.13479017511499453,0.15407389872983066,0.15407389872983066,B
1032,0477_c008_00060365_0.jpg,0.4733543541138676,0.07186246113954813,0.4733543541138676,A
1033,0477_c009_00060320_0.jpg,0.9391286481866562,0.048668370411606335,0.9391286481866562,A
1034,0477_c010_00059440_0.jpg,0.9079566333340529,0.05115961717213918,0.9079566333340529,A
1035,0477_c011_00059260_0.jpg,0.8905523387233518,0.03632080023302194,0.8905523387233518,A
1036,0477_c012_00019305_0.jpg,0.7083498593000124,0.1277042046837837,0.7083498593000124,A
1037,0477_c013_00019320_0.jpg,0.9181207640298555,0.08179507288388978,0.9181207640298555,A
1038,0477_c014_00018055_0.jpg,0.8137738258682345,0.07999218862765606,0.8137738258682345,A
1039,0477_c015_00018040_0.jpg,0.8883120839049179,0.029373530853521606,0.8883120839049179,A
1040,0477_c016_00017835_0.jpg,0.8693860764639141,0.04633838276561503,0.8693860764639141,A
1041,0477_c019_00018545_0.jpg,0.8731587848136686,0.03136018294071792,0.8731587848136686,A
1042,0480_c001_00022180_0.jpg,0.6759360801407179,0.37138721971053695,0.6759360801407179,A
1043,0480_c012_00020345_0.jpg,0.560114996065812,0.209717536191079,0.560114996065812,A
1044,0480_c013_00020385_0.jpg,0.6123899073008808,0.44338004621952726,0.6123899073008808,A
1045,0480_c014_00018625_0.jpg,0.7995859212742504,0.31099166047712257,0.7995859212742504,A
1046,0480_c015_00018640_0.jpg,0.6369066117401098,0.39219458855138517,0.6369066117401098,A
1047,0480_c016_00018315_0.jpg,0.5191383597557089,0.37753560543639647,0.5191383597557089,A
1048,0480_c017_00019710_0.jpg,0.614057280684184,0.37532918374904123,0.614057280684184,A
1049,0480_c019_00019365_0.jpg,0.5645288599452405,0.35599669389013183,0.5645288599452405,A
1050,0482_c001_00045870_0.jpg,0.6077384835134898,0.7686057862214727,0.7686057862214727,B
1051,0482_c002_00049855_0.jpg,0.6911070868428189,0.7097698603113357,0.7097698603113357,B
1052,0482_c003_00053940_1.jpg,0.7458789689303882,0.7303923172422464,0.7458789689303882,A
1053,0482_c004_00053910_0.jpg,0.6389619276208707,0.6875258342155675,0.6875258342155675,B
1054,0482_c005_00054705_0.jpg,0.7914199170111442,0.703933008400962,0.7914199170111442,A
1055,0482_c006_00052845_0.jpg,0.5106193477062582,0.7023850364370401,0.7023850364370401,B
1056,0482_c007_00054845_0.jpg,0.785823578561248,0.6820072080804355,0.785823578561248,A
1057,0482_c008_00054190_0.jpg,0.7072371437665933,0.8113055812592693,0.8113055812592693,B
1058,0482_c009_00054140_0.jpg,0.7938617109763628,0.7283364348536681,0.7938617109763628,A
1059,0482_c010_00053005_0.jpg,0.7272814534489442,0.7585348078413771,0.7585348078413771,B
1060,0482_c011_00052840_0.jpg,0.490070189529275,0.6301730128031104,0.6301730128031104,B
1061,0485_c003_00050580_1.jpg,0.6887389142550491,0.7507590296739282,0.7507590296739282,B
1062,0485_c004_00050570_0.jpg,0.16831561002025067,0.46307908454316116,0.46307908454316116,B
1063,0485_c005_00051180_1.jpg,0.6568364230126367,0.7719650991011684,0.7719650991011684,B
1064,0485_c008_00050780_0.jpg,0.6033798120683874,0.8513687158605666,0.8513687158605666,B
1065,0485_c009_00050760_0.jpg,0.4824066510599603,0.6980026529253102,0.6980026529253102,B
1066,0485_c010_00050170_0.jpg,0.8043510035725063,0.21902584449999132,0.8043510035725063,A
1067,0486_c002_00038210_0.jpg,0.9174818985837406,0.2516214991665991,0.9174818985837406,A
1068,0486_c003_00039780_0.jpg,0.890488771074419,0.2510437691716335,0.890488771074419,A
1069,0486_c004_00039780_0.jpg,0.9313035514470708,0.09697000445746004,0.9313035514470708,A
1070,0486_c005_00040620_0.jpg,0.9565139667260619,0.14742080440922434,0.9565139667260619,A
1071,0486_c006_00038990_0.jpg,0.7800781518061559,0.3184574118175529,0.7800781518061559,A
1072,0486_c007_00040755_0.jpg,0.6940484562832682,0.2537001796727608,0.6940484562832682,A
1073,0486_c008_00040095_0.jpg,0.6126576536045724,0.2833107599430419,0.6126576536045724,A
1074,0486_c009_00040075_0.jpg,0.8974670471345154,0.11196756766367273,0.8974670471345154,A
1075,0486_c010_00039135_0.jpg,0.8072865788790465,0.24805321046930018,0.8072865788790465,A
1076,0486_c011_00038910_0.jpg,0.8251475726476013,0.19701348913949718,0.8251475726476013,A
1077,0486_c014_00074890_0.jpg,0.9560875568235199,0.023681075629976078,0.9560875568235199,A
1078,0486_c015_00075090_1.jpg,0.9887969210408738,0.0753320918960748,0.9887969210408738,A
1079,0486_c016_00074625_0.jpg,0.9589813026453324,0.31006244764066376,0.9589813026453324,A
1080,0489_c002_00076095_0.jpg,0.9081890185962279,0.13768560807643027,0.9081890185962279,A
1081,0489_c003_00084675_0.jpg,0.9077516589177231,0.3554316933047007,0.9077516589177231,A
1082,0489_c004_00084680_0.jpg,0.6842121460196908,0.294886650673491,0.6842121460196908,A
1083,0489_c005_00085585_1.jpg,0.9776188756004266,0.05667940019425944,0.9776188756004266,A
1084,0489_c006_00076970_0.jpg,0.7663051965392279,0.35992414297084807,0.7663051965392279,A
1085,0489_c007_00085705_0.jpg,0.926981258224431,0.03877275305691045,0.926981258224431,A
1086,0489_c008_00084940_0.jpg,0.8815423117980151,0.07480139243612756,0.8815423117980151,A
1087,0489_c009_00084905_0.jpg,0.9609755296325908,0.05976965241853278,0.9609755296325908,A
1088,0489_c010_00077140_0.jpg,0.916392116443997,0.44198976414070845,0.916392116443997,A
1089,0489_c011_00076975_0.jpg,0.7530627161047492,0.31944644055332827,0.7530627161047492,A
1090,0494_c002_00022665_0.jpg,1.0,0.07207452452555363,1.0,A
1091,0494_c003_00021505_1.jpg,1.0,0.027589035844746965,1.0,A
1092,0494_c004_00021435_1.jpg,1.0,0.0048501382481643185,1.0,A
1093,0494_c006_00022070_0.jpg,1.0,0.16924965711905246,1.0,A
1094,0494_c010_00022045_0.jpg,0.9989247311827957,0.050184513998743824,0.9989247311827957,A
1095,0494_c011_00022030_1.jpg,1.0,0.11262410371935806,1.0,A
1096,0507_c002_00051790_0.jpg,0.9790873386998007,0.10722726064821231,0.9790873386998007,A
1097,0507_c003_00055800_0.jpg,0.9745335409621838,0.1978244283901883,0.9745335409621838,A
1098,0507_c004_00055800_0.jpg,0.804330904106148,0.112143968350628,0.804330904106148,A
1099,0507_c006_00055085_0.jpg,0.8703583498102772,0.1754611410534678,0.8703583498102772,A
1100,0507_c008_00056090_0.jpg,0.943387123956197,0.12425555555835838,0.943387123956197,A
1101,0507_c009_00056020_0.jpg,0.9392635825565483,0.06776030177253471,0.9392635825565483,A
1102,0507_c010_00055220_0.jpg,0.9837596582666476,0.2266953264441026,0.9837596582666476,A
1103,0507_c011_00055080_0.jpg,0.8367337526647989,0.18882048818576713,0.8367337526647989,A
1104,0510_c002_00031940_1.jpg,0.547059337022382,0.8814415608696723,0.8814415608696723,B
1105,0510_c003_00030245_0.jpg,0.37748897933007736,0.7918921119341988,0.7918921119341988,B
1106,0510_c004_00030145_0.jpg,0.36918194567970697,0.8553341843696189,0.8553341843696189,B
1107,0510_c006_00031090_1.jpg,0.5228368889728137,0.9002413206704051,0.9002413206704051,B
1108,0510_c008_00029985_0.jpg,0.7006683001045744,0.9421282732208441,0.9421282732208441,B
1109,0510_c009_00030045_0.jpg,0.5941509460119344,0.9187705194566647,0.9187705194566647,B
1110,0510_c010_00030855_1.jpg,0.49806764453575725,0.7031438085596328,0.7031438085596328,B
1111,0510_c011_00031060_0.jpg,0.49988908473157356,0.9204784494379107,0.9204784494379107,B
1112,0515_c014_00056685_0.jpg,0.9989177489177489,0.32185190699932475,0.9989177489177489,A
1113,0515_c015_00054210_0.jpg,0.9343490704106405,0.06325569480858985,0.9343490704106405,A
1114,0515_c016_00056980_0.jpg,0.9952629752188652,0.19183842884088068,0.9952629752188652,A
1115,0515_c017_00055325_0.jpg,0.8921290161787869,0.04905879872805271,0.8921290161787869,A
1116,0515_c019_00055070_0.jpg,0.9962979921313254,0.09815375804220909,0.9962979921313254,A
1117,0518_c014_00044550_0.jpg,0.9595345962139131,0.10941927005239141,0.9595345962139131,A
1118,0518_c015_00044535_0.jpg,0.9334561499920767,0.5975355994890165,0.9334561499920767,A
1119,0518_c016_00044315_0.jpg,0.98751695453521,0.6403046424986258,0.98751695453521,A
1120,0518_c017_00046080_0.jpg,0.9189477770049983,0.13134508024694266,0.9189477770049983,A
1121,0518_c018_00046755_0.jpg,0.8281748579488118,0.692950019997711,0.8281748579488118,A
1122,0518_c019_00045545_0.jpg,1.0,0.7763476698689131,1.0,A
1123,0522_c002_00037025_0.jpg,0.998024728907637,0.07829715760507389,0.998024728907637,A
1124,0522_c003_00039630_1.jpg,0.9997267759562842,0.15945752374248037,0.9997267759562842,A
1125,0522_c004_00039575_1.jpg,1.0,0.04721235580736993,1.0,A
1126,0522_c006_00038790_0.jpg,0.9767333751425765,0.32024502135907545,0.9767333751425765,A
1127,0522_c010_00039000_0.jpg,0.9991845878136201,0.23149586769561872,0.9991845878136201,A
1128,0522_c011_00038715_0.jpg,0.9889308332689443,0.18574168537723984,0.9889308332689443,A
1129,0541_c001_00055075_0.jpg,0.664012291273625,0.8339197267110025,0.8339197267110025,B
1130,0541_c002_00053275_0.jpg,0.5757790994109173,0.9871552929398014,0.9871552929398014,B
1131,0541_c003_00051305_0.jpg,0.70949193011431,0.9599204759353827,0.9599204759353827,B
1132,0541_c004_00051185_0.jpg,0.629129104902936,0.8417112150367375,0.8417112150367375,B
1133,0541_c006_00051895_0.jpg,0.6063625985668283,0.7512502295093931,0.7512502295093931,B
1134,0541_c008_00051050_0.jpg,0.7060591884259971,0.9780181135590383,0.9780181135590383,B
1135,0541_c009_00051135_0.jpg,0.6924034710183855,0.9616323154081713,0.9616323154081713,B
1136,0541_c010_00051880_0.jpg,0.6809182040506899,0.9673709288465788,0.9673709288465788,B
1137,0541_c011_00051890_0.jpg,0.6169841495206888,0.776955800604302,0.776955800604302,B
1138,0541_c013_00055810_0.jpg,0.7532801805955088,0.9882751907428031,0.9882751907428031,B
1139,0543_c002_00001550_0.jpg,1.0,0.43375392247596106,1.0,A
1140,0543_c003_00000355_0.jpg,0.9877509468461618,0.3745060194306139,0.9877509468461618,A
1141,0543_c004_00000215_0.jpg,0.9875997213664889,0.3515279615591067,0.9875997213664889,A
1142,0543_c006_00000920_1.jpg,0.8947279815935032,0.29936094784429157,0.8947279815935032,A
1143,0543_c008_00000120_0.jpg,0.9977701354007974,0.2895993410621667,0.9977701354007974,A
1144,0543_c009_00000135_0.jpg,0.995035728114534,0.09816687075802082,0.995035728114534,A
1145,0543_c010_00000850_0.jpg,1.0,0.3455418718023816,1.0,A
1146,0543_c011_00000875_0.jpg,0.9363545322328095,0.3407095198135454,0.9363545322328095,A
1147,0545_c002_00017280_0.jpg,0.9906280713648642,0.23384947433449554,0.9906280713648642,A
1148,0545_c003_00015105_0.jpg,0.9807725561328671,0.40235951089134425,0.9807725561328671,A
1149,0545_c004_00014955_0.jpg,0.8493098672817472,0.18444750208097013,0.8493098672817472,A
1150,0545_c006_00015685_0.jpg,0.8507201660713635,0.24857415332892627,0.8507201660713635,A
1151,0545_c008_00014830_0.jpg,1.0,0.23926878685503974,1.0,A
1152,0545_c009_00014850_0.jpg,0.9986216131064901,0.48702173833417584,0.9986216131064901,A
1153,0545_c010_00015630_0.jpg,0.9981385213190507,0.32533676260085054,0.9981385213190507,A
1154,0545_c011_00015665_0.jpg,0.8291706174537644,0.22720816873148883,0.8291706174537644,A
1155,0545_c016_00010735_0.jpg,0.9591441428854858,0.1612180507301754,0.9591441428854858,A
1156,0546_c001_00016910_0.jpg,0.9826935886503608,0.23994594374855938,0.9826935886503608,A
1157,0546_c002_00017345_0.jpg,0.9986517475320946,0.0524848471007949,0.9986517475320946,A
1158,0546_c003_00020385_0.jpg,0.9980697750651945,0.15305746280977042,0.9980697750651945,A
1159,0546_c004_00020355_0.jpg,0.9957872930853572,0.14783096838144597,0.9957872930853572,A
1160,0546_c005_00021020_0.jpg,0.9958433605798906,0.03759935378169809,0.9958433605798906,A
1161,0546_c006_00019740_0.jpg,0.9963174317446182,0.27364642042318754,0.9963174317446182,A
1162,0546_c007_00021155_0.jpg,0.4730924789075284,0.02102204633811193,0.4730924789075284,A
1163,0546_c008_00020615_0.jpg,0.9845084014809848,0.06878685310575039,0.9845084014809848,A
1164,0546_c009_00020520_0.jpg,0.9978197984227032,0.03359621693726578,0.9978197984227032,A
1165,0546_c010_00019865_0.jpg,0.9977538987412056,0.13452767929394485,0.9977538987412056,A
1166,0546_c011_00019685_0.jpg,0.9931492025731833,0.18959276048838802,0.9931492025731833,A
1167,0546_c012_00016535_0.jpg,0.9707446048767003,0.28415983324707156,0.9707446048767003,A
1168,0546_c013_00016620_0.jpg,0.9988921121055552,0.05872931377462166,0.9988921121055552,A
1169,0546_c015_00014980_0.jpg,0.993599774456795,0.11678804960913461,0.993599774456795,A
1170,0546_c017_00015860_0.jpg,0.9619643095176388,0.22020967664053115,0.9619643095176388,A
1171,0546_c019_00015605_0.jpg,0.9980246268560445,0.1015297796103725,0.9980246268560445,A
1172,0554_c002_00017665_1.jpg,0.9771086136092768,0.049919988996724424,0.9771086136092768,A
1173,0554_c003_00020860_0.jpg,0.973953339208184,0.24217621309105355,0.973953339208184,A
1174,0554_c004_00020845_0.jpg,0.8163137977020822,0.08722479576212616,0.8163137977020822,A
1175,0554_c005_00021555_0.jpg,0.9953175299970733,0.2516028396000408,0.9953175299970733,A
1176,0554_c006_00019865_0.jpg,0.9073678672679986,0.15545759312443244,0.9073678672679986,A
1177,0554_c007_00021690_0.jpg,0.8744665273342755,0.05031679378803424,0.8744665273342755,A
1178,0554_c008_00021085_0.jpg,0.9171094543714745,0.15412279218259678,0.9171094543714745,A
1179,0554_c009_00020995_0.jpg,0.7040109080766418,0.023495990999869727,0.7040109080766418,A
1180,0554_c010_00020055_0.jpg,0.9791404129498187,0.2644207351829252,0.9791404129498187,A
1181,0554_c011_00019790_0.jpg,0.860892600927689,0.1279506845957907,0.860892600927689,A
1182,0566_c001_00036440_0.jpg,1.0,0.3986368943839597,1.0,A
1183,0566_c012_00036890_1.jpg,1.0,0.6752045690635273,1.0,A
1184,0566_c013_00036785_1.jpg,1.0,0.5667484535064748,1.0,A
1185,0566_c014_00038560_0.jpg,0.9982558139534884,0.5118737327068212,0.9982558139534884,A
1186,0566_c015_00038395_0.jpg,1.0,0.5707209095584684,1.0,A
1187,0566_c016_00039570_0.jpg,1.0,0.6433853389457146,1.0,A
1188,0566_c017_00037645_1.jpg,0.9967391304347826,0.4736782279599911,0.9967391304347826,A
1189,0566_c019_00037925_0.jpg,1.0,0.5629332569997694,1.0,A
1190,0569_c001_00088525_0.jpg,1.0,0.016309576972151504,1.0,A
1191,0569_c012_00087820_0.jpg,1.0,0.2497051412099584,1.0,A
1192,0569_c013_00087965_0.jpg,1.0,0.2789189932371983,1.0,A
1193,0569_c014_00085520_0.jpg,1.0,0.5845873454408115,1.0,A
1194,0569_c015_00085570_0.jpg,1.0,0.3324310715583316,1.0,A
1195,0569_c016_00085320_0.jpg,1.0,0.23071184823965846,1.0,A
1196,0569_c017_00087040_0.jpg,1.0,0.7108788590801804,1.0,A
1197,0570_c005_00070475_0.jpg,0.8015211858146548,0.023715116053667024,0.8015211858146548,A
1198,0570_c007_00070555_0.jpg,0.9042276936244776,0.07379558991662287,0.9042276936244776,A
1199,0570_c008_00070035_0.jpg,0.9842473246608585,0.5200617400662653,0.9842473246608585,A
1200,0570_c009_00069665_0.jpg,0.6316941470852891,0.36303653955800885,0.6316941470852891,A
1201,0576_c001_00062710_0.jpg,0.8517610250733687,0.08586385100614657,0.8517610250733687,A
1202,0576_c012_00063160_1.jpg,0.9422782757160554,0.1776407074280495,0.9422782757160554,A
1203,0576_c013_00063005_0.jpg,0.7416699148071125,0.0924345462053211,0.7416699148071125,A
1204,0576_c014_00073870_0.jpg,0.9279533434695829,0.26657465405189634,0.9279533434695829,A
1205,0576_c015_00067790_0.jpg,0.9778711100913123,0.23074958552457442,0.9778711100913123,A
1206,0576_c016_00068685_0.jpg,0.9097397787064339,0.1718675084428729,0.9097397787064339,A
1207,0576_c017_00064305_0.jpg,0.8414664253362607,0.19632445056375916,0.8414664253362607,A
1208,0576_c019_00066850_0.jpg,0.8002866016710598,0.2733856030100921,0.8002866016710598,A
1209,0581_c003_00087825_0.jpg,0.7980194975762351,0.8131048398011695,0.8131048398011695,B
1210,0581_c004_00087760_0.jpg,0.27222433653303435,0.8394361350408373,0.8394361350408373,B
1211,0581_c008_00087505_0.jpg,0.640925396888504,0.7536319508831926,0.7536319508831926,B
1212,0581_c009_00087610_0.jpg,0.7810711332315466,0.7892947422695029,0.7892947422695029,B
1213,0582_c001_00026170_0.jpg,0.7852785881874449,0.7817556939072495,0.7852785881874449,A
1214,0582_c002_00026655_0.jpg,0.9743992909569864,0.5803759980732149,0.9743992909569864,A
1215,0582_c003_00030300_0.jpg,0.5907787214460053,0.7792499048656276,0.7792499048656276,B
1216,0582_c004_00030305_0.jpg,0.8012171690678178,0.13056673824536952,0.8012171690678178,A
1217,0582_c006_00028835_0.jpg,0.6590857775474188,0.8190240436170282,0.8190240436170282,B
1218,0582_c010_00028915_0.jpg,0.7611436954005757,0.7735909770786356,0.7735909770786356,B
1219,0582_c011_00028785_0.jpg,0.6441007253074651,0.8534746727813668,0.8534746727813668,B
1220,0582_c012_00024790_0.jpg,0.7962380978213126,0.8107412253950478,0.8107412253950478,B
1221,0582_c013_00024830_0.jpg,0.7954492365551407,0.7481128485802307,0.7954492365551407,A
1222,0582_c014_00023560_0.jpg,0.7661008609160985,0.8092946506086116,0.8092946506086116,B
1223,0582_c015_00023550_0.jpg,0.7542838057709086,0.7308615673272413,0.7542838057709086,A
1224,0582_c016_00023330_0.jpg,0.7559330716352717,0.8161927512951249,0.8161927512951249,B
1225,0582_c017_00024180_1.jpg,0.8254711174583262,0.7521322241368816,0.8254711174583262,A
1226,0582_c019_00023995_0.jpg,0.7906809925901319,0.745217884639674,0.7906809925901319,A
1227,0584_c001_00060130_0.jpg,0.919861163134511,0.15305747939534187,0.919861163134511,A
1228,0584_c012_00060630_0.jpg,0.9918713848610646,0.1544142601736608,0.9918713848610646,A
1229,0584_c013_00060505_0.jpg,0.7471468776323233,0.5867645496631623,0.7471468776323233,A
1230,0584_c014_00062075_0.jpg,0.9399710843074215,0.26140861830569345,0.9399710843074215,A
1231,0584_c015_00061925_0.jpg,0.7256574622179752,0.5754624010604893,0.7256574622179752,A
1232,0584_c016_00062400_0.jpg,0.7780560548480453,0.5828747212835983,0.7780560548480453,A
1233,0584_c017_00061160_0.jpg,0.964649885215182,0.35449598250395437,0.964649885215182,A
1234,0584_c019_00061385_0.jpg,0.7110428914384412,0.5918085530889949,0.7110428914384412,A
1235,0585_c001_00005115_1.jpg,0.8387380961705775,0.4285751463541868,0.8387380961705775,A
1236,0585_c002_00005785_0.jpg,0.9022220533553106,0.5316418164262809,0.9022220533553106,A
1237,0585_c003_00008375_0.jpg,0.8537004114526588,0.508312368407832,0.8537004114526588,A
1238,0585_c004_00008295_0.jpg,0.8600521378237153,0.297547190602977,0.8600521378237153,A
1239,0585_c006_00007720_0.jpg,0.791127748258061,0.4151474843949481,0.791127748258061,A
1240,0585_c008_00024905_0.jpg,0.8387743166832788,0.17386337237174465,0.8387743166832788,A
1241,0585_c009_00024930_0.jpg,0.9239600378928268,0.22529764523590715,0.9239600378928268,A
1242,0585_c010_00007845_0.jpg,0.8048305480048665,0.522212298578136,0.8048305480048665,A
1243,0585_c011_00007635_0.jpg,0.874953208296271,0.41903601246737476,0.874953208296271,A
1244,0585_c012_00004420_0.jpg,0.7514855696451483,0.34398171985806264,0.7514855696451483,A
1245,0585_c013_00004515_1.jpg,0.9364013868505543,0.5967709273978826,0.9364013868505543,A
1246,0585_c014_00031435_0.jpg,0.883060794926981,0.5304581945419622,0.883060794926981,A
1247,0585_c015_00031185_0.jpg,0.9030123167248504,0.37303573360575926,0.9030123167248504,A
1248,0585_c016_00066285_0.jpg,0.9201068692565186,0.6367111683093629,0.9201068692565186,A
1249,0585_c017_00029420_0.jpg,0.9196334744858605,0.5851702039467218,0.9196334744858605,A
1250,0585_c019_00029685_0.jpg,0.9229241550109762,0.3516824752564109,0.9229241550109762,A
1251,0586_c001_00048525_1.jpg,0.6379475757556718,0.8165813720679319,0.8165813720679319,B
1252,0586_c002_00069790_0.jpg,0.5902624929794072,0.7763103871137713,0.7763103871137713,B
1253,0586_c012_00066775_0.jpg,0.680823131399657,0.9389579617670353,0.9389579617670353,B
1254,0586_c013_00066485_0.jpg,0.2413713570367086,0.7523035967661862,0.7523035967661862,B
1255,0588_c001_00060430_0.jpg,0.5629298867765102,0.9431840920366253,0.9431840920366253,B
1256,0588_c012_00061010_0.jpg,0.5146999832690228,0.9159567418237705,0.9159567418237705,B
1257,0588_c013_00060870_0.jpg,0.4655770470097644,0.917718193431062,0.917718193431062,B
1258,0588_c014_00062350_0.jpg,0.5677106658496738,0.8922442714767327,0.8922442714767327,B
1259,0588_c015_00062195_0.jpg,0.5857448194973052,0.9035382833319009,0.9035382833319009,B
1260,0588_c016_00063120_0.jpg,0.932717550736721,0.6250115510984097,0.932717550736721,A
1261,0588_c017_00061485_0.jpg,0.6152572608961445,0.9314535244561564,0.9314535244561564,B
1262,0588_c019_00061640_0.jpg,0.563781475332843,0.9812974242237809,0.9812974242237809,B
1263,0590_c001_00046520_0.jpg,0.5049230066959379,0.867964302972093,0.867964302972093,B
1264,0590_c012_00046980_0.jpg,0.4612869712992267,0.8512103325023558,0.8512103325023558,B
1265,0590_c013_00046865_0.jpg,0.6752432490019187,0.9348772446310571,0.9348772446310571,B
1266,0590_c014_00048785_0.jpg,0.45907160119831775,0.9370831070621117,0.9370831070621117,B
1267,0590_c015_00048575_0.jpg,0.7453977145110022,0.9301051875677457,0.9301051875677457,B
1268,0590_c016_00049195_0.jpg,0.5582583994603919,0.9057808517022837,0.9057808517022837,B
1269,0590_c017_00047680_1.jpg,0.44086972795803997,0.9399257144476001,0.9399257144476001,B
1270,0590_c019_00047955_0.jpg,0.4887730625141676,0.9297394993216057,0.9297394993216057,B
1271,0593_c014_00042725_1.jpg,0.8006012549285353,0.15378857984943184,0.8006012549285353,A
1272,0593_c015_00042690_0.jpg,0.8181616219117733,0.35803603965406383,0.8181616219117733,A
1273,0593_c016_00042450_0.jpg,0.6160082983065017,0.28769970194705274,0.6160082983065017,A
1274,0593_c017_00043870_0.jpg,0.9164373034365946,0.13318746356136701,0.9164373034365946,A
1275,0593_c019_00043405_0.jpg,0.9126297682496519,0.37820236598754237,0.9126297682496519,A
1276,0597_c003_00003195_0.jpg,0.33237570285256035,0.5390273450211693,0.5390273450211693,B
1277,0597_c004_00003305_0.jpg,0.5483602577874057,0.5909809421406331,0.5909809421406331,B
1278,0597_c005_00066170_1.jpg,0.8725531293507582,0.32869094282853645,0.8725531293507582,A
1279,0597_c007_00066300_0.jpg,0.7203483502057869,0.5850745810801923,0.7203483502057869,A
1280,0597_c008_00065515_0.jpg,0.4437863236400724,0.4253143691085135,0.4437863236400724,A
1281,0597_c009_00065420_0.jpg,0.6697985456377472,0.5500279354979998,0.6697985456377472,A
1282,0598_c001_00047560_0.jpg,0.8365341744513832,0.5352594340962683,0.8365341744513832,A
1283,0598_c002_00045760_0.jpg,0.6965023612129934,0.7057686751401888,0.7057686751401888,B
1284,0598_c003_00042875_0.jpg,0.9920393871978965,0.5317903700352467,0.9920393871978965,A
1285,0598_c004_00042750_0.jpg,0.8940463603146047,0.3802313850858363,0.8940463603146047,A
1286,0598_c006_00043515_0.jpg,0.9774597225879756,0.5513137927261336,0.9774597225879756,A
1287,0598_c008_00042580_0.jpg,0.973092870805896,0.176507906442575,0.973092870805896,A
1288,0598_c009_00042685_0.jpg,0.9826594698134283,0.40104456837403385,0.9826594698134283,A
1289,0598_c010_00043485_0.jpg,0.9787013944329283,0.42258609283465537,0.9787013944329283,A
1290,0598_c011_00043470_0.jpg,0.9853134165324965,0.6745170360606653,0.9853134165324965,A
1291,0598_c012_00065425_0.jpg,0.977482894250684,0.49530217161807477,0.977482894250684,A
1292,0598_c013_00065305_0.jpg,0.9238693009028656,0.5757789276762159,0.9238693009028656,A
1293,0598_c014_00067845_0.jpg,0.7145284326746817,0.44285318730078505,0.7145284326746817,A
1294,0598_c015_00067680_0.jpg,0.7702767753398702,0.6728809753114223,0.7702767753398702,A
1295,0598_c016_00068570_0.jpg,0.9184051093065914,0.3984726259348143,0.9184051093065914,A
1296,0598_c017_00066240_1.jpg,0.9669529654804896,0.5422521015268018,0.9669529654804896,A
1297,0598_c019_00066820_0.jpg,0.9044305571274028,0.272338218091532,0.9044305571274028,A
1298,0602_c001_00024040_0.jpg,0.41170808277531035,0.699891144336563,0.699891144336563,B
1299,0602_c002_00024415_0.jpg,0.6965394440086528,0.8252317842927656,0.8252317842927656,B
1300,0602_c003_00027235_1.jpg,0.7154681706196732,0.7780638299393015,0.7780638299393015,B
1301,0602_c004_00027200_1.jpg,0.48684197002962964,0.7918144822958298,0.7918144822958298,B
1302,0602_c005_00028175_2.jpg,0.7472555931237305,0.8723462652767993,0.8723462652767993,B
1303,0602_c006_00026435_0.jpg,0.4547494533588226,0.763981657155341,0.763981657155341,B
1304,0602_c007_00028295_0.jpg,0.4029388872707974,0.7601323765356006,0.7601323765356006,B
1305,0602_c008_00027550_0.jpg,0.6997450348184017,0.8295155722726659,0.8295155722726659,B
1306,0602_c009_00027445_0.jpg,0.7432304874279403,0.8538264940115254,0.8538264940115254,B
1307,0602_c010_00026535_0.jpg,0.6880782407371449,0.7939560234260448,0.7939560234260448,B
1308,0602_c011_00026385_0.jpg,0.518715638053745,0.7667998658156444,0.7667998658156444,B
1309,0602_c012_00023580_0.jpg,0.6190121922170019,0.745622240574397,0.745622240574397,B
1310,0602_c013_00023625_0.jpg,0.7664210961880389,0.8364372926864793,0.8364372926864793,B
1311,0602_c014_00033010_0.jpg,0.7325439983195869,0.7215030752716154,0.7325439983195869,A
1312,0602_c015_00022160_0.jpg,0.8140584992318133,0.7131012153534416,0.8140584992318133,A
1313,0602_c016_00021875_0.jpg,0.7408265646003691,0.8375049500126288,0.8375049500126288,B
1314,0602_c017_00033950_1.jpg,0.8348502903335219,0.6972529239926917,0.8348502903335219,A
1315,0602_c019_00022775_1.jpg,0.7818840383300433,0.8337891466004499,0.8337891466004499,B
1316,0606_c014_00087235_0.jpg,0.9829640468227424,0.013857431106909348,0.9829640468227424,A
1317,0606_c015_00087330_0.jpg,0.70685806244563,0.49752410045337964,0.70685806244563,A
1318,0606_c016_00086950_0.jpg,0.8155337851182519,0.41610807595317506,0.8155337851182519,A
1319,0606_c017_00088970_0.jpg,0.8821925201444595,0.05822598265759229,0.8821925201444595,A
1320,0606_c018_00089190_0.jpg,0.6933304274262833,0.5337341287682219,0.6933304274262833,A
1321,0609_c001_00014095_0.jpg,0.7796550958070505,0.860640445674671,0.860640445674671,B
1322,0609_c002_00043530_0.jpg,0.639156907931254,0.874611341338185,0.874611341338185,B
1323,0609_c003_00011260_0.jpg,0.5863246023956572,0.8243530623270169,0.8243530623270169,B
1324,0609_c004_00042260_0.jpg,0.8356470406773433,0.5402685790634509,0.8356470406773433,A
1325,0609_c006_00011875_1.jpg,0.801819867594264,0.7940599087667688,0.801819867594264,A
1326,0609_c008_00042000_1.jpg,0.6267269497262764,0.8500069777993486,0.8500069777993486,B
1327,0609_c009_00042160_1.jpg,0.6084171948222609,0.8728880557495945,0.8728880557495945,B
1328,0609_c010_00042940_0.jpg,0.6946091669147423,0.8317958220135132,0.8317958220135132,B
1329,0609_c011_00011805_0.jpg,0.807169821555979,0.850659004871681,0.850659004871681,B
1330,0609_c012_00014500_0.jpg,0.6357477030040353,0.788463677236006,0.788463677236006,B
1331,0609_c013_00014425_0.jpg,0.6699498809501716,0.8311758624875628,0.8311758624875628,B
1332,0609_c014_00015585_0.jpg,0.6852802196261604,0.8137683430605566,0.8137683430605566,B
1333,0609_c015_00015485_0.jpg,0.709159943249625,0.7919295057771596,0.7919295057771596,B
1334,0609_c016_00015955_0.jpg,0.6948106121900668,0.7267806010243638,0.7267806010243638,B
1335,0609_c017_00014915_0.jpg,0.6892618522621757,0.8054947848868395,0.8054947848868395,B
1336,0609_c019_00015075_0.jpg,0.62009537997353,0.8311098371488241,0.8311098371488241,B
1337,0610_c001_00074490_1.jpg,0.9129108953128173,0.25004544357081987,0.9129108953128173,A
1338,0610_c002_00085225_1.jpg,0.9957911746731734,0.14024606054304362,0.9957911746731734,A
1339,0610_c003_00086635_0.jpg,0.991024003243357,0.18567528779771833,0.991024003243357,A
1340,0610_c004_00086625_0.jpg,0.9923243884113998,0.177315591019645,0.9923243884113998,A
1341,0610_c005_00087250_0.jpg,0.999162457912458,0.6140748217423223,0.999162457912458,A
1342,0610_c006_00086000_0.jpg,0.9559313138111949,0.18557660318708022,0.9559313138111949,A
1343,0610_c007_00087330_0.jpg,0.9899840664087295,0.3396758247729213,0.9899840664087295,A
1344,0610_c008_00086800_0.jpg,0.9967504499399421,0.10382685854406286,0.9967504499399421,A
1345,0610_c009_00086790_0.jpg,0.9884766275086363,0.353716219477375,0.9884766275086363,A
1346,0610_c010_00086235_0.jpg,0.9969602847888183,0.3766346206072047,0.9969602847888183,A
1347,0610_c011_00086015_1.jpg,0.9323391435449752,0.18085361915636608,0.9323391435449752,A
1348,0610_c012_00073215_0.jpg,0.9790296549423312,0.2630677171481232,0.9790296549423312,A
1349,0610_c013_00073325_0.jpg,0.9835041124652246,0.39118352638215176,0.9835041124652246,A
1350,0610_c014_00071175_0.jpg,0.9577467142709031,0.3369794446468777,0.9577467142709031,A
1351,0610_c015_00071190_0.jpg,0.9803398550886427,0.22519096774103067,0.9803398550886427,A
1352,0610_c016_00070920_0.jpg,0.9768888900609648,0.27212950161909705,0.9768888900609648,A
1353,0610_c017_00072375_0.jpg,0.9646420796533772,0.35999528482158794,0.9646420796533772,A
1354,0610_c019_00072045_0.jpg,0.9961695551433499,0.3446342123515333,0.9961695551433499,A
1355,0612_c002_00088805_0.jpg,0.709859096805815,0.6405631956570069,0.709859096805815,A
1356,0612_c003_00087520_0.jpg,0.8927291522573233,0.21065398049056527,0.8927291522573233,A
1357,0612_c004_00087435_0.jpg,0.8896072683241423,0.11943216385091701,0.8896072683241423,A
1358,0612_c006_00087945_0.jpg,0.8861414532950393,0.3851991184044957,0.8861414532950393,A
1359,0612_c008_00087235_0.jpg,0.7487781215755158,0.5811584085467614,0.7487781215755158,A
1360,0612_c009_00087365_0.jpg,0.9321016726164686,0.2613597879023745,0.9321016726164686,A
1361,0612_c010_00087950_0.jpg,0.9215384392950654,0.3692941115424918,0.9215384392950654,A
1362,0612_c011_00087990_1.jpg,0.7801415369535499,0.5138266784795346,0.7801415369535499,A
1363,0614_c014_00089430_0.jpg,0.5726571013641351,0.45079934780533876,0.5726571013641351,A
1364,0614_c015_00089245_0.jpg,0.5993662431851243,0.6411325214948066,0.6411325214948066,B
1365,0614_c016_00089755_0.jpg,0.6632445556733745,0.7147420625560724,0.7147420625560724,B
1366,0614_c017_00087845_0.jpg,0.7839405268969909,0.8079322982553979,0.8079322982553979,B
1367,0614_c019_00088090_0.jpg,0.66626079629969,0.947252363864206,0.947252363864206,B
1368,0615_c003_00007905_0.jpg,0.40715222656263717,0.38810420646307453,0.40715222656263717,A
1369,0615_c004_00007885_0.jpg,0.30870581413721443,0.47302971778182046,0.47302971778182046,B
1370,0615_c005_00008845_0.jpg,0.3543762675997905,0.545712417501211,0.545712417501211,B
1371,0615_c006_00007100_0.jpg,0.35634483117730525,0.45923170435528465,0.45923170435528465,B
1372,0615_c007_00008925_0.jpg,0.13437477791156613,0.6436693334309721,0.6436693334309721,B
1373,0615_c008_00008285_0.jpg,0.40986485355564767,0.6423014807723504,0.6423014807723504,B
1374,0615_c009_00008140_0.jpg,0.4958011449712945,0.6878092036419617,0.6878092036419617,B
1375,0615_c010_00007210_1.jpg,0.3626338056798832,0.4208872799121163,0.4208872799121163,B
1376,0615_c011_00007000_1.jpg,0.34697205054380276,0.5287970160816364,0.5287970160816364,B
1377,0622_c014_00065600_0.jpg,1.0,0.015963041857574706,1.0,A
1378,0622_c015_00065805_0.jpg,0.9601449275362319,0.24348848663849645,0.9601449275362319,A
1379,0622_c016_00065335_0.jpg,1.0,0.008844869793134343,1.0,A
1380,0623_c014_00078920_0.jpg,0.8341579997976135,0.12209747060564048,0.8341579997976135,A
1381,0623_c015_00078930_0.jpg,0.824080523486175,0.3857584902973615,0.824080523486175,A
1382,0623_c016_00078700_0.jpg,0.8463296401789847,0.35229178877400213,0.8463296401789847,A
1383,0623_c017_00079905_0.jpg,0.578740199705726,0.30644844283038214,0.578740199705726,A
1384,0623_c018_00080035_0.jpg,0.7094063235653745,0.46169568383301773,0.7094063235653745,A
1385,0623_c019_00079680_0.jpg,0.8682349426599147,0.3020276974725155,0.8682349426599147,A
1386,0624_c002_00060410_0.jpg,0.935056388040962,0.06546804590599642,0.935056388040962,A
1387,0624_c003_00059240_0.jpg,0.9591991832023781,0.09974510774110759,0.9591991832023781,A
1388,0624_c004_00059130_0.jpg,0.5162355858695653,0.1675444286817217,0.5162355858695653,A
1389,0624_c006_00059645_0.jpg,0.8825015339908768,0.15327049868060638,0.8825015339908768,A
1390,0624_c008_00059055_0.jpg,0.8711821098503272,0.04873761767421621,0.8711821098503272,A
1391,0624_c009_00059115_0.jpg,0.985033430702918,0.025558239539265403,0.985033430702918,A
1392,0624_c010_00059655_0.jpg,0.8021245952009336,0.09959080543747183,0.8021245952009336,A
1393,0624_c011_00059640_0.jpg,0.9464077764324234,0.10892194466132804,0.9464077764324234,A
1394,0625_c003_00010180_0.jpg,0.41189514947056866,0.6173354123656833,0.6173354123656833,B
1395,0625_c005_00010940_1.jpg,0.3108757491659546,0.4633592480104867,0.4633592480104867,B
1396,0625_c006_00009630_0.jpg,0.6427745906764148,0.7378947627832264,0.7378947627832264,B
1397,0625_c007_00011000_0.jpg,0.26558383914646017,0.32037945826845415,0.32037945826845415,B
1398,0625_c008_00010400_0.jpg,0.34157088429317156,0.4612325547457089,0.4612325547457089,B
1399,0625_c009_00010295_0.jpg,0.37540292583269835,0.35517723526140804,0.37540292583269835,A
1400,0625_c010_00009715_0.jpg,0.4123812303118402,0.6029607983628947,0.6029607983628947,B
1401,0625_c011_00009560_0.jpg,0.3382957687474812,0.5671468071716123,0.5671468071716123,B
1402,0630_c002_00039300_0.jpg,0.9383175350510087,0.05573002943241796,0.9383175350510087,A
1403,0630_c003_00036910_1.jpg,0.959582870158868,0.13322251318707526,0.959582870158868,A
1404,0630_c004_00036795_0.jpg,0.9545495297155134,0.09837784771189231,0.9545495297155134,A
1405,0630_c005_00051870_0.jpg,0.9771748241005654,0.04353611134486445,0.9771748241005654,A
1406,0630_c006_00037535_1.jpg,0.953485399986997,0.08979533761809969,0.953485399986997,A
1407,0630_c007_00052030_0.jpg,0.6109494766442819,0.026639763898492787,0.6109494766442819,A
1408,0630_c008_00036620_0.jpg,0.9061354000321914,0.04711992091410129,0.9061354000321914,A
1409,0630_c009_00036750_0.jpg,0.8926742928854875,0.04951229568607971,0.8926742928854875,A
1410,0630_c010_00037425_0.jpg,0.9540790768083939,0.14687105640153345,0.9540790768083939,A
1411,0630_c011_00037500_1.jpg,0.9524602242823151,0.07136759591408859,0.9524602242823151,A
1412,0631_c003_00041525_0.jpg,0.563139454726817,0.48313900165483287,0.563139454726817,A
1413,0631_c004_00041475_0.jpg,0.8219220694260203,0.023678783150555983,0.8219220694260203,A
1414,0631_c006_00040780_1.jpg,0.5723165866556934,0.5110645433853517,0.5723165866556934,A
1415,0631_c010_00040965_0.jpg,0.7904915953708379,0.4175918505087138,0.7904915953708379,A
1416,0631_c011_00040740_0.jpg,0.6516190443212471,0.5941161365626936,0.6516190443212471,A
1417,0634_c002_00054650_0.jpg,0.8037946416673145,0.019652476775050918,0.8037946416673145,A
1418,0634_c003_00056440_0.jpg,0.8088995844102532,0.21288329940442577,0.8088995844102532,A
1419,0634_c004_00056335_0.jpg,0.04377720493522846,0.19599460243584066,0.19599460243584066,B
1420,0634_c006_00055670_0.jpg,0.7398497432138013,0.29584325818720086,0.7398497432138013,A
1421,0634_c010_00055800_0.jpg,0.8192250373740511,0.1500669680989376,0.8192250373740511,A
1422,0634_c011_00055655_0.jpg,0.7393860680655888,0.25200147259623723,0.7393860680655888,A
1423,0642_c014_00020325_0.jpg,0.6719836416463911,0.4336147164619367,0.6719836416463911,A
1424,0642_c015_00020330_0.jpg,0.6443690154146628,0.41405293282083977,0.6443690154146628,A
1425,0642_c016_00020150_0.jpg,0.6044232817471127,0.40520656156598833,0.6044232817471127,A
1426,0642_c017_00021400_0.jpg,0.789194421266047,0.4703193150493446,0.789194421266047,A
1427,0642_c019_00021100_0.jpg,0.7585760763428575,0.43407930265183303,0.7585760763428575,A
1428,0646_c014_00006850_0.jpg,0.5290438009353797,0.5555405091051421,0.5555405091051421,B
1429,0646_c015_00006905_0.jpg,0.8726191067651917,0.31553868984172506,0.8726191067651917,A
1430,0646_c016_00006535_0.jpg,0.6436210966867687,0.5909662285061883,0.6436210966867687,A
1431,0646_c017_00007895_0.jpg,0.7589756297170702,0.752629467654336,0.7589756297170702,A
1432,0646_c018_00008005_0.jpg,0.25020375384588,0.6416361923029539,0.6416361923029539,B
1433,0646_c019_00007610_0.jpg,0.9154727190034806,0.3175521373996499,0.9154727190034806,A
1434,0652_c002_00061500_0.jpg,0.9996078431372549,0.02783006438187458,0.9996078431372549,A
1435,0652_c003_00063195_0.jpg,1.0,0.13926712286886767,1.0,A
1436,0652_c004_00063150_0.jpg,1.0,0.04414056214402434,1.0,A
1437,0652_c005_00063830_0.jpg,0.9959395456295727,0.051356457360353824,0.9959395456295727,A
1438,0652_c006_00062465_0.jpg,1.0,0.09478337929671944,1.0,A
1439,0652_c007_00063920_0.jpg,0.979653024960649,0.05151053775886777,0.979653024960649,A
1440,0652_c008_00063355_0.jpg,0.9992384585810191,0.04837270455465754,0.9992384585810191,A
1441,0652_c009_00063325_0.jpg,1.0,0.03943210051807634,1.0,A
1442,0652_c010_00062620_0.jpg,1.0,0.10536330765201274,1.0,A
1443,0652_c011_00062465_0.jpg,0.9996229260935142,0.09831779125039332,0.9996229260935142,A
1444,0653_c001_00072135_0.jpg,1.0,0.018486095248133376,1.0,A
1445,0653_c012_00070730_0.jpg,0.9785930009961606,0.13996642252327737,0.9785930009961606,A
1446,0653_c013_00070790_0.jpg,0.9776818720515171,0.26188514856479583,0.9776818720515171,A
1447,0653_c014_00069230_0.jpg,0.9994462901439645,0.21697105302308364,0.9994462901439645,A
1448,0653_c015_00069285_0.jpg,1.0,0.14884388839425944,1.0,A
1449,0653_c016_00068920_1.jpg,0.9988793967199282,0.10885956541345486,0.9988793967199282,A
1450,0653_c017_00070200_0.jpg,0.9973627132012224,0.24232115156478057,0.9973627132012224,A
1451,0653_c019_00070010_0.jpg,0.9618126381930177,0.23507310299145573,0.9618126381930177,A
1452,0654_c002_00020085_0.jpg,0.6187295974209526,0.35270757176703804,0.6187295974209526,A
1453,0654_c003_00018715_0.jpg,0.6600207632878765,0.22810079590477617,0.6600207632878765,A
1454,0654_c004_00018590_0.jpg,0.7157524631405486,0.3619839201834896,0.7157524631405486,A
1455,0654_c005_00052640_0.jpg,0.6589221313254755,0.4084199092315003,0.6589221313254755,A
1456,0654_c006_00019265_0.jpg,0.8482450356329395,0.18220952311163008,0.8482450356329395,A
1457,0654_c007_00052785_0.jpg,0.5426134391235229,0.1842540791941641,0.5426134391235229,A
1458,0654_c008_00018495_0.jpg,0.45021283708255166,0.17634938000685482,0.45021283708255166,A
1459,0654_c009_00018505_0.jpg,0.5954379290216284,0.2416315813488042,0.5954379290216284,A
1460,0654_c010_00019215_0.jpg,0.7438346054021799,0.26139054921713756,0.7438346054021799,A
1461,0654_c011_00019235_0.jpg,0.685603182405837,0.3299580216754223,0.685603182405837,A
1462,0657_c002_00067625_0.jpg,0.9881420063646668,0.027393793045736005,0.9881420063646668,A
1463,0657_c003_00064995_0.jpg,0.9974377995277851,0.02761345576772841,0.9974377995277851,A
1464,0657_c004_00064865_0.jpg,0.8478407294329765,0.0190413187948356,0.8478407294329765,A
1465,0657_c006_00066245_0.jpg,0.9202396213764612,0.049370939084101576,0.9202396213764612,A
1466,0657_c010_00065910_0.jpg,0.9956946039035591,0.022578884749137978,0.9956946039035591,A
1467,0657_c011_00066330_1.jpg,0.9011149861787437,0.08788645630939662,0.9011149861787437,A
1468,0657_c014_00015230_0.jpg,0.909089944529546,0.03087881749681912,0.909089944529546,A
1469,0657_c015_00015115_0.jpg,0.8846416274904436,0.08192523660907045,0.8846416274904436,A
1470,0657_c016_00015625_0.jpg,0.9206688834342645,0.06045002477502824,0.9206688834342645,A
1471,0657_c019_00014365_0.jpg,0.9540510555286457,0.09364268244185726,0.9540510555286457,A
1472,0659_c001_00078335_0.jpg,0.9467756311800974,0.1718061876127655,0.9467756311800974,A
1473,0659_c002_00076675_0.jpg,0.9768684986776902,0.11130226656870165,0.9768684986776902,A
1474,0659_c003_00074445_0.jpg,0.9748426344930204,0.08431724692016865,0.9748426344930204,A
1475,0659_c004_00074330_0.jpg,0.9293996340070265,0.19991062668460494,0.9293996340070265,A
1476,0659_c006_00074870_0.jpg,0.9261847760919688,0.24787363051156588,0.9261847760919688,A
1477,0659_c008_00074215_0.jpg,0.9868160834135739,0.19976931660561104,0.9868160834135739,A
1478,0659_c009_00074280_0.jpg,0.9754204459659579,0.1991873970157591,0.9754204459659579,A
1479,0659_c010_00074885_0.jpg,0.9883475504291315,0.09184870766395033,0.9883475504291315,A
1480,0659_c011_00074875_0.jpg,0.9501108200188094,0.1433457695354454,0.9501108200188094,A
1481,0659_c012_00078820_0.jpg,0.9497978624221743,0.19750201775351364,0.9497978624221743,A
1482,0659_c013_00078695_0.jpg,0.9884469112836411,0.13953042048549466,0.9884469112836411,A
1483,0659_c018_00079355_0.jpg,0.9320700106945748,0.2840075390306266,0.9320700106945748,A
1484,0660_c014_00029030_0.jpg,0.9986111111111111,0.055261337834912785,0.9986111111111111,A
1485,0660_c015_00030865_0.jpg,0.9823725871551959,0.14095407581925895,0.9823725871551959,A
1486,0660_c016_00028730_0.jpg,0.978927007165503,0.08604000836110037,0.978927007165503,A
1487,0660_c017_00031795_0.jpg,0.9995169082125605,0.09112526375677005,0.9995169082125605,A
1488,0660_c019_00032555_0.jpg,0.9689068705047502,0.18784268337364685,0.9689068705047502,A
1489,0662_c003_00004915_0.jpg,0.16438407305499142,0.7987451978102948,0.7987451978102948,B
1490,0662_c005_00005645_2.jpg,0.7362505678701871,0.731732637212483,0.7362505678701871,A
1491,0662_c007_00005745_0.jpg,0.415330322246381,0.49261361321270225,0.49261361321270225,B
1492,0662_c008_00005120_0.jpg,0.6471586083790476,0.711066974693236,0.711066974693236,B
1493,0662_c009_00005020_0.jpg,0.6748146759028474,0.5099938869273195,0.6748146759028474,A
1494,0663_c001_00040350_0.jpg,0.9963390663390664,0.024823368674516136,0.9963390663390664,A
1495,0663_c002_00039350_0.jpg,0.9900930800425554,0.08121240749129091,0.9900930800425554,A
1496,0663_c003_00038025_0.jpg,0.9980948309510975,0.11581347942510616,0.9980948309510975,A
1497,0663_c004_00037950_0.jpg,0.2015971302721671,0.012746018577315082,0.2015971302721671,A
1498,0663_c006_00038485_0.jpg,0.9997805092186128,0.07762944980737504,0.9997805092186128,A
1499,0663_c010_00038475_0.jpg,0.9884807319496358,0.04079699723191158,0.9884807319496358,A
1500,0663_c011_00038410_0.jpg,0.997617640575387,0.03346111160317019,0.997617640575387,A
1501,0663_c012_00040815_0.jpg,0.991829614806281,0.12288972111752039,0.991829614806281,A
1502,0663_c013_00040720_0.jpg,0.9841335534431391,0.0971567459317499,0.9841335534431391,A
1503,0663_c014_00042140_1.jpg,0.9904612538845468,0.06776331611309996,0.9904612538845468,A
1504,0663_c015_00041980_0.jpg,0.9829602484391193,0.07368657462654293,0.9829602484391193,A
1505,0663_c017_00041255_0.jpg,0.9901065890264635,0.18245671123392163,0.9901065890264635,A
1506,0663_c019_00041460_0.jpg,0.986408291571143,0.2043756281511584,0.986408291571143,A
1507,0668_c002_00006900_0.jpg,1.0,0.009158919588792485,1.0,A
1508,0668_c003_00008695_0.jpg,1.0,0.15633385598579683,1.0,A
1509,0668_c004_00008645_0.jpg,0.9580301772587335,0.008889875388661584,0.9580301772587335,A
1510,0668_c006_00007925_0.jpg,0.9347941905042069,0.23121982028507945,0.9347941905042069,A
1511,0668_c010_00008080_0.jpg,0.9987684729064039,0.15705800444530243,0.9987684729064039,A
1512,0668_c011_00007825_0.jpg,0.974697480476548,0.1442385867050466,0.974697480476548,A
1513,0672_c001_00045425_2.jpg,0.980777632153779,0.08132051600004633,0.980777632153779,A
1514,0672_c002_00043905_0.jpg,0.9749418754843711,0.030306907408678162,0.9749418754843711,A
1515,0672_c003_00042740_0.jpg,0.9698104509352277,0.017028428310831067,0.9698104509352277,A
1516,0672_c004_00042665_0.jpg,0.9928047809531555,0.011483273180281911,0.9928047809531555,A
1517,0672_c006_00043350_1.jpg,0.9794727552218513,0.16077578819242236,0.9794727552218513,A
1518,0672_c010_00043330_0.jpg,0.9772532108721624,0.02214271100872653,0.9772532108721624,A
1519,0672_c011_00043295_0.jpg,0.9800952323687396,0.08457491539228817,0.9800952323687396,A
1520,0676_c003_00012510_0.jpg,0.9566245748004494,0.03120044512824034,0.9566245748004494,A
1521,0676_c004_00012470_0.jpg,0.9908488326078354,0.10664179737464301,0.9908488326078354,A
1522,0676_c005_00013140_0.jpg,0.9769710388905436,0.027910901043645936,0.9769710388905436,A
1523,0676_c006_00011890_0.jpg,0.9705256999237337,0.09534514864376338,0.9705256999237337,A
1524,0676_c007_00013230_0.jpg,0.9151000577376087,0.0296674458883619,0.9151000577376087,A
1525,0676_c008_00012805_0.jpg,0.960026441864658,0.028674495668703854,0.960026441864658,A
1526,0676_c009_00012690_0.jpg,0.8513000107478085,0.05383596930290803,0.8513000107478085,A
1527,0676_c010_00011975_0.jpg,0.9658793862572933,0.037741018979098755,0.9658793862572933,A
1528,0676_c011_00011790_0.jpg,0.9665992036711842,0.10123360968575161,0.9665992036711842,A
1529,0677_c003_00042300_0.jpg,0.8537842398973065,0.06741430905271531,0.8537842398973065,A
1530,0677_c004_00042195_0.jpg,0.9601323841452492,0.15876875410330665,0.9601323841452492,A
1531,0677_c005_00085985_0.jpg,0.8808686641404392,0.029984466510629425,0.8808686641404392,A
1532,0677_c006_00042885_0.jpg,0.827514355373019,0.10251060043259158,0.827514355373019,A
1533,0677_c007_00086065_0.jpg,0.410826800965915,0.022534914215351125,0.410826800965915,A
1534,0677_c008_00041990_0.jpg,0.8060930362378046,0.03339178029150866,0.8060930362378046,A
1535,0677_c009_00042150_0.jpg,0.8463808081352295,0.06600518581607108,0.8463808081352295,A
1536,0677_c010_00042845_0.jpg,0.8466625538655497,0.050928333834964375,0.8466625538655497,A
1537,0677_c011_00042855_0.jpg,0.889282231395354,0.20819172001705938,0.889282231395354,A
1538,0685_c003_00025485_1.jpg,0.9848362855609233,0.007820233255648505,0.9848362855609233,A
1539,0685_c004_00025405_1.jpg,0.9404645873944119,0.007065089445162965,0.9404645873944119,A
1540,0685_c008_00025250_0.jpg,0.8200866090388064,0.020453869558281365,0.8200866090388064,A
1541,0685_c009_00025265_1.jpg,0.8925292827191562,0.022237439448705727,0.8925292827191562,A
1542,0687_c002_00022105_0.jpg,0.7510441317993438,0.3559860125363113,0.7510441317993438,A
1543,0687_c003_00019995_0.jpg,0.8478016430194473,0.10469183529043909,0.8478016430194473,A
1544,0687_c004_00019895_0.jpg,0.6251394841569345,0.36578990188871724,0.6251394841569345,A
1545,0687_c006_00020390_0.jpg,0.6619266925375846,0.38386236043990624,0.6619266925375846,A
1546,0687_c008_00019805_0.jpg,0.6099026655738737,0.3977818103634573,0.6099026655738737,A
1547,0687_c009_00019840_0.jpg,0.8924665920286015,0.036823896900309794,0.8924665920286015,A
1548,0687_c010_00020370_0.jpg,0.8567343038874693,0.10076963828182724,0.8567343038874693,A
1549,0687_c011_00020355_0.jpg,0.5409829535252536,0.3690003044212476,0.5409829535252536,A
1550,0696_c014_00086975_0.jpg,1.0,0.06756320573231003,1.0,A
1551,0696_c015_00086985_0.jpg,1.0,0.21211622539093503,1.0,A
1552,0696_c016_00086705_0.jpg,1.0,0.5200136875995722,1.0,A
1553,0698_c014_00049260_0.jpg,0.9719873771502343,0.13729547857936455,0.9719873771502343,A
1554,0698_c015_00049295_0.jpg,0.8979572088336906,0.026602251096891454,0.8979572088336906,A
1555,0698_c016_00052920_0.jpg,0.7962223922823536,0.2323607044717658,0.7962223922823536,A
1556,0698_c017_00050435_0.jpg,0.84120258303274,0.21957076842691703,0.84120258303274,A
1557,0698_c019_00050140_1.jpg,0.8624967476200154,0.41263145668151047,0.8624967476200154,A
1558,0699_c001_00039205_0.jpg,0.9735986395459632,0.07530342311947504,0.9735986395459632,A
1559,0699_c012_00039660_0.jpg,0.9861901592514963,0.07181385460430592,0.9861901592514963,A
1560,0699_c013_00039545_0.jpg,0.8870943918871134,0.3815349008411018,0.8870943918871134,A
1561,0699_c014_00041295_0.jpg,0.9418703650011075,0.055779186113799784,0.9418703650011075,A
1562,0699_c015_00041125_0.jpg,0.9207290481107794,0.2811294520012779,0.9207290481107794,A
1563,0699_c016_00042420_0.jpg,0.9188810981322368,0.12423721735492016,0.9188810981322368,A
1564,0699_c017_00040205_0.jpg,0.897047492331166,0.05117786167696314,0.897047492331166,A
1565,0699_c019_00040465_0.jpg,0.8651638243211428,0.2916979069624202,0.8651638243211428,A
1566,0711_c003_00001020_0.jpg,0.886483470393505,0.017302813179458667,0.886483470393505,A
1567,0711_c004_00000930_0.jpg,0.930583778966132,0.01031536262138557,0.930583778966132,A
1568,0711_c008_00000780_0.jpg,0.9517437145174371,0.18676798808361797,0.9517437145174371,A
1569,0711_c009_00000820_0.jpg,0.9674922600619195,0.024922002401721415,0.9674922600619195,A
1570,0712_c003_00036240_0.jpg,0.98710072141583,0.13149873670812512,0.98710072141583,A
1571,0712_c004_00036170_0.jpg,1.0,0.029386461055589647,1.0,A
1572,0712_c006_00036800_1.jpg,0.9356950036380022,0.1901067762306802,0.9356950036380022,A
1573,0712_c010_00036785_0.jpg,0.9383903486575587,0.15441938638192257,0.9383903486575587,A
1574,0712_c011_00036785_0.jpg,0.9400416458783046,0.21031239988742836,0.9400416458783046,A
1575,0717_c002_00043220_0.jpg,0.906553210767695,0.04136195276181021,0.906553210767695,A
1576,0717_c003_00040960_0.jpg,0.879383482280657,0.1353896651741939,0.879383482280657,A
1577,0717_c004_00040860_0.jpg,0.8782475133212323,0.10621371513553436,0.8782475133212323,A
1578,0717_c006_00055575_0.jpg,0.9066371343581632,0.08091031272911688,0.9066371343581632,A
1579,0717_c008_00040760_0.jpg,0.8189491050850175,0.11432890254096603,0.8189491050850175,A
1580,0717_c009_00040840_0.jpg,0.8393892273565079,0.116085071097639,0.8393892273565079,A
1581,0717_c010_00041370_0.jpg,0.7977315438990176,0.046759464147934776,0.7977315438990176,A
1582,0717_c011_00041335_1.jpg,0.9045744698407346,0.1418239268068663,0.9045744698407346,A
1583,0720_c001_00073675_0.jpg,0.6549704725592695,0.8877452582328349,0.8877452582328349,B
1584,0720_c002_00072140_2.jpg,0.5596843172443032,0.7564905506089286,0.7564905506089286,B
1585,0720_c003_00069825_0.jpg,0.6837291660233328,0.8134151306071777,0.8134151306071777,B
1586,0720_c004_00069710_0.jpg,0.4684517458448105,0.8424898215409478,0.8424898215409478,B
1587,0720_c006_00070295_0.jpg,0.5759805023045838,0.9057669408376225,0.9057669408376225,B
1588,0720_c008_00069600_0.jpg,0.5334575640446757,0.9014111680675314,0.9014111680675314,B
1589,0720_c009_00069690_0.jpg,0.5907346275631187,0.6554699329257637,0.6554699329257637,B
1590,0720_c010_00070290_0.jpg,0.8373584932669607,0.8576258616869195,0.8576258616869195,B
1591,0720_c011_00070300_0.jpg,0.5316426177535507,0.8669290370360891,0.8669290370360891,B
1592,0720_c012_00074160_1.jpg,0.588842589086708,0.8829648510030081,0.8829648510030081,B
1593,0720_c013_00074015_0.jpg,0.5653831327905627,0.8214695534266188,0.8214695534266188,B
1594,0720_c014_00075545_0.jpg,0.5069789463030272,0.8854693785115473,0.8854693785115473,B
1595,0720_c015_00075370_0.jpg,0.6947904334978094,0.8125861574583244,0.8125861574583244,B
1596,0720_c016_00076365_0.jpg,0.6785953496288584,0.8532548742495565,0.8532548742495565,B
1597,0720_c017_00074735_0.jpg,0.5053450970427248,0.9093724660925093,0.9093724660925093,B
1598,0720_c019_00074915_0.jpg,0.6006556771633372,0.8140872870969729,0.8140872870969729,B
1599,0721_c001_00066700_0.jpg,0.908096265151512,0.06647884727320028,0.908096265151512,A
1600,0721_c002_00064895_0.jpg,0.8993634891800978,0.08409541254716021,0.8993634891800978,A
1601,0721_c003_00062560_0.jpg,0.9402652446689421,0.05803806020497117,0.9402652446689421,A
1602,0721_c004_00062445_0.jpg,0.6319503754016731,0.013775909967175717,0.6319503754016731,A
1603,0721_c006_00063200_0.jpg,0.9700084297490217,0.10926893273057468,0.9700084297490217,A
1604,0721_c010_00063150_0.jpg,0.9651531333471179,0.030737004458747122,0.9651531333471179,A
1605,0721_c011_00063195_0.jpg,0.9654280564615086,0.1333817533877758,0.9654280564615086,A
1606,0721_c012_00067405_0.jpg,0.9619130441531692,0.03557159204736879,0.9619130441531692,A
1607,0721_c013_00067275_0.jpg,0.8999979398464476,0.056477951014586004,0.8999979398464476,A
1608,0727_c003_00000870_0.jpg,0.9973856209150327,0.12314111535336032,0.9973856209150327,A
1609,0727_c004_00000825_0.jpg,1.0,0.06424914849060367,1.0,A
1610,0727_c006_00000315_0.jpg,0.9830371383002962,0.06410865892364404,0.9830371383002962,A
1611,0727_c010_00000395_0.jpg,1.0,0.1726651003447163,1.0,A
1612,0727_c011_00000255_0.jpg,1.0,0.13591784670372564,1.0,A
1613,0729_c003_00002130_1.jpg,0.14550439941054216,0.010610848055388929,0.14550439941054216,A
1614,0729_c008_00030525_0.jpg,0.5343165815035904,0.024953710955624278,0.5343165815035904,A
1615,0729_c009_00030455_0.jpg,0.8039767878477555,0.04167624975066361,0.8039767878477555,A
1616,0742_c001_00030990_0.jpg,0.8012704720831675,0.24565670020617586,0.8012704720831675,A
1617,0742_c002_00029225_0.jpg,0.29594560223387173,0.09921452256718534,0.29594560223387173,A
1618,0742_c003_00026615_0.jpg,0.8852021420778886,0.12388441515778457,0.8852021420778886,A
1619,0742_c004_00026470_0.jpg,0.6461533486734248,0.20244148028810185,0.6461533486734248,A
1620,0742_c006_00027145_0.jpg,0.7800408975825648,0.304758240571342,0.7800408975825648,A
1621,0742_c008_00026360_0.jpg,0.5783931549355621,0.055212807573715814,0.5783931549355621,A
1622,0742_c009_00026380_0.jpg,0.8941446314497423,0.07320736568357351,0.8941446314497423,A
1623,0742_c010_00027100_0.jpg,0.8867524831230672,0.14747304416400553,0.8867524831230672,A
1624,0742_c011_00027115_0.jpg,0.9409655632936531,0.21083895050736062,0.9409655632936531,A
1625,0742_c012_00031370_0.jpg,0.9729634496709476,0.3722060552632761,0.9729634496709476,A
1626,0742_c013_00031270_0.jpg,0.716806778981363,0.11302725111921241,0.716806778981363,A
1627,0742_c014_00019835_0.jpg,0.9268155764875734,0.033808790919101175,0.9268155764875734,A
1628,0742_c016_00020140_0.jpg,0.919590493659158,0.11296454397468393,0.919590493659158,A
1629,0753_c003_00047915_0.jpg,1.0,0.16118195069696398,1.0,A
1630,0753_c004_00047805_0.jpg,0.9826481547182139,0.05904803614147382,0.9826481547182139,A
1631,0753_c006_00048460_0.jpg,0.992966500456503,0.2382063997541876,0.992966500456503,A
1632,0753_c008_00047700_0.jpg,1.0,0.05317962792161958,1.0,A
1633,0753_c009_00047770_0.jpg,1.0,0.2691238588953835,1.0,A
1634,0753_c010_00048445_0.jpg,1.0,0.20179643122375235,1.0,A
1635,0753_c011_00048440_0.jpg,0.9647539628051164,0.1268433505153271,0.9647539628051164,A
1636,0761_c001_00088035_0.jpg,1.0,0.024888816427481225,1.0,A
1637,0761_c002_00087670_0.jpg,1.0,0.003889782697506459,1.0,A
1638,0761_c012_00088550_0.jpg,1.0,0.10731741481056419,1.0,A
1639,0761_c013_00088445_0.jpg,1.0,0.020730594021280205,1.0,A
1640,0761_c017_00089240_0.jpg,1.0,0.026662444223279454,1.0,A
1641,0768_c001_00055555_0.jpg,0.846306590384096,0.010829172464183868,0.846306590384096,A
1642,0768_c012_00056330_0.jpg,0.9962428594007542,0.13359985964369187,0.9962428594007542,A
1643,0768_c013_00056150_0.jpg,0.8903116207591223,0.20603566117307642,0.8903116207591223,A
1644,0768_c014_00058350_0.jpg,0.9943173138295089,0.17085724822914206,0.9943173138295089,A
1645,0768_c015_00058160_0.jpg,0.9042400121376443,0.17038977284552118,0.9042400121376443,A
1646,0768_c017_00057115_0.jpg,0.962751862467691,0.2615617286060139,0.962751862467691,A
1647,0768_c019_00057375_0.jpg,0.7219477915432272,0.2734209167304323,0.7219477915432272,A
1648,0770_c001_00033585_0.jpg,0.9995748299319729,0.019666875713671702,0.9995748299319729,A
1649,0770_c002_00034030_0.jpg,0.9753726619930662,0.011549616334321255,0.9753726619930662,A
1650,0770_c012_00033125_0.jpg,1.0,0.13945723171578842,1.0,A
1651,0770_c013_00033180_0.jpg,0.9917090578931468,0.18516936692412847,0.9917090578931468,A
1652,0770_c014_00031600_0.jpg,1.0,0.3285681321033526,1.0,A
1653,0770_c015_00031585_0.jpg,1.0,0.14600264930932436,1.0,A
1654,0770_c016_00031370_0.jpg,0.979427882452765,0.026045617911963453,0.979427882452765,A
1655,0770_c017_00032375_0.jpg,1.0,0.17499726312951402,1.0,A
1656,0770_c019_00032155_0.jpg,0.9764694871900191,0.21905702471341423,0.9764694871900191,A
1657,0771_c005_00071170_0.jpg,0.6284099608715584,0.02009705214775521,0.6284099608715584,A
1658,0771_c007_00071260_0.jpg,0.24794109460306993,0.012855828851624874,0.24794109460306993,A
1659,0771_c008_00070645_0.jpg,0.5714020074435417,0.04104498626497948,0.5714020074435417,A
1660,0771_c009_00070575_0.jpg,0.4563965209514936,0.021427633388217827,0.4563965209514936,A
1661,0772_c003_00006540_0.jpg,0.233431895829446,0.014648734899884122,0.233431895829446,A
1662,0772_c005_00007185_0.jpg,0.2256328213066081,0.09806310461380936,0.2256328213066081,A
1663,0772_c007_00007260_0.jpg,0.3085863013747914,0.0278154214412506,0.3085863013747914,A
1664,0772_c008_00006745_0.jpg,0.2667373528373756,0.052614508939231475,0.2667373528373756,A
1665,0772_c009_00006630_0.jpg,0.33599671149256255,0.070842084110223,0.33599671149256255,A
1666,0773_c005_00006795_0.jpg,0.8646038305129214,0.028184204297391626,0.8646038305129214,A
1667,0773_c007_00006865_0.jpg,0.6706342170381651,0.015717511802348372,0.6706342170381651,A
1668,0773_c008_00005795_0.jpg,0.8967282717282717,0.03570492091791235,0.8967282717282717,A
1669,0774_c003_00056685_0.jpg,1.0,0.004187174755757615,1.0,A
1670,0774_c008_00056855_0.jpg,0.8573025335320417,0.00413044986398062,0.8573025335320417,A
1671,0774_c009_00056825_0.jpg,0.986013986013986,0.07449570489771346,0.986013986013986,A
1672,0775_c003_00071550_0.jpg,0.15728034349426254,0.03755585169076193,0.15728034349426254,A
1673,0775_c008_00071725_0.jpg,0.9000954068420336,0.03992754859332937,0.9000954068420336,A
1674,0775_c009_00071670_0.jpg,0.8431118626653538,0.06900754660889326,0.8431118626653538,A
1675,0776_c005_00000520_0.jpg,1.0,0.0023444756563802327,1.0,A
1676,0776_c007_00000600_0.jpg,0.9047619047619048,0.011014849414868078,0.9047619047619048,A
1677,0776_c009_00000000_0.jpg,1.0,0.004196571058049486,1.0,A
